,Data,Dezenas
0,29/03/2023,37 39 47 50 59 60
1,25/03/2023,12 18 22 31 44 50
2,22/03/2023,29 32 33 35 38 43
3,18/03/2023,04 12 14 41 46 53
4,16/03/2023,12 17 43 44 48 60
5,14/03/2023,06 26 32 35 37 49
6,11/03/2023,03 07 15 22 24 50
7,08/03/2023,09 18 33 38 41 51
8,04/03/2023,08 18 26 27 47 50
9,01/03/2023,06 07 25 28 31 52
10,25/02/2023,16 22 29 35 38 49
11,23/02/2023,10 11 19 33 58 60
12,18/02/2023,11 23 45 53 57 59
13,16/02/2023,09 13 25 39 46 54
14,14/02/2023,07 08 14 19 32 45
15,11/02/2023,05 09 14 30 38 50
16,08/02/2023,06 12 32 44 51 57
17,04/02/2023,19 22 37 44 51 56
18,01/02/2023,04 05 17 20 48 52
19,28/01/2023,09 12 20 30 32 35
20,25/01/2023,02 10 18 25 34 44
21,21/01/2023,03 13 16 25 27 33
22,18/01/2023,02 06 10 14 34 56
23,14/01/2023,03 20 45 52 53 58
24,12/01/2023,19 25 43 44 48 49
25,10/01/2023,13 15 53 54 55 58
26,07/01/2023,05 24 25 33 38 41
27,04/01/2023,01 25 29 43 46 48
28,31/12/2022,04 05 10 34 58 59
29,17/12/2022,01 06 10 30 33 35
30,14/12/2022,09 15 23 25 29 30
31,10/12/2022,10 25 31 37 38 57
32,07/12/2022,03 23 28 34 38 48
33,03/12/2022,20 23 32 36 39 57
34,30/11/2022,25 38 45 53 55 56
35,26/11/2022,02 05 27 30 46 53
36,24/11/2022,12 20 22 25 26 55
37,22/11/2022,10 28 45 47 57 59
38,19/11/2022,02 08 28 34 41 49
39,16/11/2022,01 23 32 33 36 59
40,12/11/2022,06 15 19 20 33 52
41,09/11/2022,12 24 26 31 37 48
42,05/11/2022,09 22 27 30 33 45
43,03/11/2022,01 03 24 37 51 56
44,29/10/2022,28 36 39 44 56 60
45,26/10/2022,17 18 20 37 45 53
46,22/10/2022,10 14 17 18 23 30
47,20/10/2022,01 05 18 49 55 56
48,18/10/2022,14 17 18 28 30 44
49,15/10/2022,03 05 32 56 57 59
50,13/10/2022,04 15 22 53 56 60
51,08/10/2022,08 19 29 38 48 56
52,05/10/2022,02 16 24 38 43 59
53,01/10/2022,04 13 21 26 47 51
54,28/09/2022,03 20 22 37 41 43
55,24/09/2022,01 10 27 36 37 45
56,21/09/2022,04 05 25 32 39 40
57,17/09/2022,23 28 33 38 55 59
58,15/09/2022,02 17 22 41 58 60
59,13/09/2022,03 08 20 36 38 57
60,10/09/2022,03 22 23 44 53 60
61,08/09/2022,01 05 06 16 22 39
62,03/09/2022,08 17 49 51 52 53
63,31/08/2022,03 12 19 41 45 54
64,27/08/2022,05 15 24 34 45 52
65,24/08/2022,13 19 21 35 46 50
66,20/08/2022,07 10 34 47 49 52
67,17/08/2022,04 10 15 39 41 49
68,13/08/2022,08 13 25 32 44 57
69,10/08/2022,08 37 39 50 59 60
70,06/08/2022,41 45 48 51 53 58
71,04/08/2022,04 06 12 34 35 53
72,02/08/2022,21 22 29 34 40 44
73,30/07/2022,03 05 19 26 43 51
74,27/07/2022,14 33 41 42 44 55
75,23/07/2022,03 14 16 38 43 45
76,20/07/2022,16 20 21 39 44 55
77,16/07/2022,11 27 32 40 58 59
78,13/07/2022,05 16 25 32 39 55
79,09/07/2022,11 19 38 47 56 59
80,06/07/2022,09 12 26 29 46 47
81,02/07/2022,05 14 23 46 48 52
82,30/06/2022,07 26 31 38 46 58
83,28/06/2022,08 12 14 30 33 41
84,25/06/2022,01 04 10 22 53 54
85,22/06/2022,04 09 37 43 44 56
86,18/06/2022,10 30 31 33 42 52
87,15/06/2022,22 29 38 43 48 53
88,11/06/2022,11 16 17 41 46 59
89,08/06/2022,03 10 13 25 41 42
90,04/06/2022,17 31 34 40 56 57
91,02/06/2022,23 36 42 48 54 58
92,31/05/2022,08 09 17 19 33 56
93,28/05/2022,05 12 32 38 47 60
94,25/05/2022,11 14 36 41 54 59
95,21/05/2022,20 34 38 40 49 54
96,18/05/2022,01 32 35 44 45 57
97,14/05/2022,01 08 21 27 36 37
98,11/05/2022,04 06 09 31 50 56
99,07/05/2022,10 15 17 20 21 35
100,04/05/2022,02 17 23 28 39 46
101,30/04/2022,20 33 37 38 49 50
102,28/04/2022,02 07 32 46 49 55
103,26/04/2022,01 40 44 45 58 60
104,23/04/2022,22 30 38 39 49 56
105,20/04/2022,15 18 28 42 55 60
106,16/04/2022,05 13 18 23 35 36
107,13/04/2022,08 23 29 30 36 55
108,09/04/2022,08 33 40 42 48 51
109,06/04/2022,05 28 30 38 52 55
110,02/04/2022,22 35 41 42 53 57
111,30/03/2022,01 10 19 34 35 45
112,26/03/2022,02 03 13 20 53 54
113,23/03/2022,03 08 23 29 53 54
114,19/03/2022,02 07 24 43 52 56
115,16/03/2022,11 16 31 37 42 51
116,12/03/2022,03 16 23 41 45 57
117,09/03/2022,08 11 16 21 32 37
118,05/03/2022,16 17 18 28 35 47
119,03/03/2022,15 24 33 49 53 59
120,26/02/2022,15 40 44 45 47 51
121,24/02/2022,10 19 46 47 49 50
122,22/02/2022,28 34 40 41 52 55
123,19/02/2022,21 38 50 53 56 59
124,16/02/2022,09 14 22 24 44 47
125,12/02/2022,10 14 15 24 34 44
126,09/02/2022,08 10 51 56 57 58
127,05/02/2022,13 26 31 46 51 60
128,02/02/2022,02 06 11 15 17 39
129,29/01/2022,14 20 21 31 49 52
130,27/01/2022,18 30 32 35 40 48
131,25/01/2022,13 19 29 42 49 52
132,22/01/2022,01 13 27 41 51 58
133,19/01/2022,11 25 32 37 47 56
134,15/01/2022,15 17 20 35 37 43
135,12/01/2022,01 05 12 13 17 31
136,08/01/2022,02 07 09 25 41 49
137,05/01/2022,09 41 42 46 47 54
138,31/12/2021,12 15 23 32 33 46
139,18/12/2021,02 08 34 38 47 51
140,15/12/2021,04 11 19 25 37 55
141,11/12/2021,01 19 41 46 48 55
142,09/12/2021,05 15 28 32 38 54
143,07/12/2021,05 22 30 32 33 36
144,04/12/2021,01 02 14 28 40 51
145,01/12/2021,08 09 32 52 53 57
146,27/11/2021,07 29 38 40 44 52
147,24/11/2021,08 11 22 25 26 36
148,20/11/2021,19 26 39 45 46 56
149,17/11/2021,11 37 53 55 56 60
150,13/11/2021,03 09 25 28 29 39
151,10/11/2021,03 19 25 37 44 56
152,06/11/2021,05 11 24 27 32 57
153,03/11/2021,10 31 38 46 49 54
154,30/10/2021,03 16 17 37 38 53
155,27/10/2021,16 18 38 48 51 60
156,23/10/2021,02 07 10 20 30 46
157,21/10/2021,02 03 32 35 48 57
158,19/10/2021,05 08 29 39 44 60
159,16/10/2021,10 35 43 48 50 53
160,13/10/2021,02 11 19 27 57 60
161,09/10/2021,03 07 10 11 27 46
162,06/10/2021,06 07 11 26 37 57
163,02/10/2021,10 12 26 29 35 60
164,30/09/2021,04 05 06 14 29 38
165,28/09/2021,03 22 37 40 41 48
166,25/09/2021,09 16 34 36 49 60
167,22/09/2021,07 26 29 34 43 44
168,18/09/2021,07 10 27 35 43 59
169,15/09/2021,02 29 39 49 52 58
170,11/09/2021,04 29 30 38 43 57
171,08/09/2021,13 17 31 43 54 55
172,04/09/2021,08 12 29 43 54 60
173,01/09/2021,21 38 48 49 53 59
174,28/08/2021,01 19 35 40 47 54
175,25/08/2021,10 12 14 32 33 34
176,21/08/2021,06 22 25 29 30 60
177,18/08/2021,08 11 13 33 38 48
178,14/08/2021,09 21 25 26 36 53
179,12/08/2021,27 35 42 44 51 52
180,10/08/2021,08 17 30 36 54 59
181,07/08/2021,06 14 20 39 46 48
182,04/08/2021,02 03 25 39 42 49
183,31/07/2021,04 11 12 44 45 57
184,28/07/2021,05 16 25 36 42 44
185,24/07/2021,26 27 28 32 38 51
186,21/07/2021,11 15 23 25 34 53
187,17/07/2021,05 08 13 27 36 50
188,14/07/2021,09 13 20 22 32 56
189,10/07/2021,16 30 37 39 40 51
190,07/07/2021,08 30 33 37 45 48
191,03/07/2021,08 26 30 31 38 48
192,01/07/2021,11 13 16 35 49 50
193,29/06/2021,12 24 32 37 43 60
194,26/06/2021,09 13 22 25 26 31
195,23/06/2021,13 15 16 20 40 41
196,19/06/2021,06 09 19 38 53 55
197,16/06/2021,07 23 32 41 42 47
198,12/06/2021,11 16 20 24 39 53
199,09/06/2021,02 08 26 32 46 56
200,05/06/2021,11 37 38 41 49 54
201,02/06/2021,05 18 29 35 43 44
202,29/05/2021,12 14 17 18 19 22
203,26/05/2021,02 06 44 46 53 58
204,22/05/2021,12 13 25 37 39 41
205,19/05/2021,23 24 26 44 49 60
206,15/05/2021,03 19 25 44 46 57
207,12/05/2021,04 15 30 36 39 48
208,08/05/2021,07 31 37 42 44 56
209,06/05/2021,04 09 17 19 37 60
210,04/05/2021,04 07 13 25 36 58
211,30/04/2021,05 23 29 34 53 60
212,28/04/2021,04 27 33 35 38 41
213,24/04/2021,01 17 28 37 44 50
214,22/04/2021,20 33 42 44 51 56
215,17/04/2021,06 14 24 34 39 58
216,14/04/2021,03 20 22 32 35 50
217,10/04/2021,14 21 22 29 35 46
218,08/04/2021,10 15 21 24 29 45
219,06/04/2021,31 32 39 42 43 51
220,03/04/2021,05 09 11 16 43 57
221,31/03/2021,19 28 30 34 40 51
222,27/03/2021,03 10 25 36 51 58
223,24/03/2021,07 30 31 41 50 56
224,20/03/2021,06 18 25 30 42 54
225,17/03/2021,03 19 34 41 48 53
226,13/03/2021,09 17 38 41 49 55
227,10/03/2021,19 22 35 41 47 49
228,06/03/2021,25 28 29 34 41 45
229,03/03/2021,05 10 25 32 49 54
230,27/02/2021,02 03 07 48 51 54
231,24/02/2021,08 09 17 30 58 60
232,20/02/2021,03 04 11 40 42 58
233,17/02/2021,07 16 19 22 28 55
234,13/02/2021,11 17 25 38 52 57
235,10/02/2021,04 31 42 45 49 56
236,06/02/2021,17 20 24 27 40 60
237,03/02/2021,04 09 31 32 42 46
238,30/01/2021,16 21 28 41 49 51
239,28/01/2021,04 18 29 47 48 59
240,26/01/2021,08 21 23 34 42 47
241,23/01/2021,02 09 34 49 51 55
242,20/01/2021,08 10 20 27 28 50
243,16/01/2021,09 18 23 42 47 49
244,13/01/2021,04 13 20 22 25 60
245,09/01/2021,09 16 31 41 53 55
246,06/01/2021,12 33 35 36 44 52
247,02/01/2021,11 13 16 36 53 57
248,31/12/2020,17 20 22 35 41 42
249,19/12/2020,12 14 28 42 45 55
250,16/12/2020,08 11 14 39 48 53
251,12/12/2020,30 37 45 54 57 58
252,10/12/2020,10 16 27 34 36 57
253,08/12/2020,33 34 37 46 52 60
254,05/12/2020,02 16 19 31 43 60
255,02/12/2020,20 27 35 39 50 59
256,28/11/2020,02 05 10 29 34 41
257,25/11/2020,14 25 28 41 43 46
258,21/11/2020,06 30 35 39 42 48
259,18/11/2020,06 17 25 35 40 49
260,14/11/2020,28 44 52 54 58 60
261,11/11/2020,03 08 30 33 35 48
262,07/11/2020,02 11 43 49 52 56
263,04/11/2020,01 10 17 26 30 53
264,31/10/2020,06 07 28 42 45 49
265,28/10/2020,03 20 26 45 49 58
266,24/10/2020,03 27 39 46 47 60
267,22/10/2020,03 05 09 35 43 60
268,20/10/2020,13 17 28 29 42 53
269,17/10/2020,09 11 29 30 33 60
270,14/10/2020,09 13 26 38 58 60
271,10/10/2020,16 33 38 46 53 55
272,07/10/2020,03 19 28 33 57 58
273,03/10/2020,07 16 22 38 55 57
274,30/09/2020,12 21 29 54 56 57
275,26/09/2020,03 07 17 20 48 50
276,23/09/2020,18 22 25 27 43 44
277,19/09/2020,17 18 35 36 47 52
278,17/09/2020,09 21 37 39 43 54
279,15/09/2020,02 03 19 40 44 60
280,12/09/2020,13 17 21 31 41 49
281,09/09/2020,20 22 35 40 41 59
282,05/09/2020,01 06 21 29 36 59
283,02/09/2020,06 13 26 28 35 41
284,29/08/2020,09 15 20 33 41 43
285,26/08/2020,01 02 10 37 42 48
286,22/08/2020,06 16 18 33 42 57
287,19/08/2020,12 26 31 36 37 49
288,15/08/2020,05 18 36 44 57 60
289,13/08/2020,06 09 34 37 38 45
290,11/08/2020,02 26 35 39 40 56
291,08/08/2020,02 04 06 29 41 56
292,05/08/2020,09 21 30 41 42 43
293,01/08/2020,01 07 10 12 33 42
294,29/07/2020,04 10 12 14 36 46
295,25/07/2020,04 24 37 43 59 60
296,22/07/2020,12 27 30 36 45 52
297,18/07/2020,14 27 35 40 50 55
298,16/07/2020,28 29 31 50 58 59
299,14/07/2020,05 12 14 20 27 28
300,11/07/2020,08 17 34 37 43 45
301,08/07/2020,10 22 23 37 53 60
302,04/07/2020,05 15 18 27 49 57
303,01/07/2020,02 04 25 36 50 53
304,27/06/2020,08 11 17 33 40 55
305,24/06/2020,15 16 20 38 40 58
306,20/06/2020,02 05 11 24 41 49
307,17/06/2020,06 10 27 28 41 52
308,13/06/2020,14 16 38 39 41 48
309,10/06/2020,01 11 14 23 29 55
310,06/06/2020,04 13 23 28 30 52
311,03/06/2020,20 32 33 48 49 53
312,30/05/2020,10 23 31 37 58 59
313,27/05/2020,14 20 23 39 46 50
314,23/05/2020,02 03 08 19 29 37
315,20/05/2020,09 24 33 43 49 57
316,16/05/2020,07 08 14 23 30 46
317,13/05/2020,07 23 26 27 29 51
318,09/05/2020,12 14 34 35 37 47
319,07/05/2020,20 27 41 54 56 58
320,05/05/2020,01 05 07 14 23 26
321,02/05/2020,18 21 30 31 34 51
322,29/04/2020,09 10 30 37 47 54
323,25/04/2020,15 20 39 41 49 57
324,22/04/2020,04 09 24 44 47 56
325,18/04/2020,31 32 33 39 52 55
326,15/04/2020,01 17 30 37 46 50
327,11/04/2020,05 15 22 26 54 58
328,08/04/2020,27 33 39 52 57 58
329,04/04/2020,04 09 31 47 49 53
330,01/04/2020,09 15 20 29 30 42
331,28/03/2020,01 42 44 47 48 53
332,25/03/2020,05 09 24 27 33 46
333,21/03/2020,11 14 15 18 33 34
334,18/03/2020,03 05 11 34 37 42
335,14/03/2020,14 18 28 35 38 54
336,12/03/2020,05 09 18 24 25 42
337,10/03/2020,01 13 18 26 40 56
338,07/03/2020,07 09 10 19 25 58
339,04/03/2020,07 27 31 39 45 46
340,29/02/2020,11 36 45 55 57 58
341,27/02/2020,11 20 27 28 53 60
342,22/02/2020,07 20 38 43 45 53
343,19/02/2020,14 18 30 35 55 57
344,15/02/2020,04 21 27 29 42 47
345,12/02/2020,04 06 32 35 41 45
346,08/02/2020,07 08 31 34 38 47
347,05/02/2020,04 13 25 40 53 57
348,01/02/2020,07 17 26 39 56 60
349,29/01/2020,06 11 29 40 41 58
350,25/01/2020,09 19 23 32 39 45
351,23/01/2020,06 09 12 27 32 57
352,21/01/2020,02 04 07 16 30 38
353,18/01/2020,01 32 37 44 46 47
354,15/01/2020,16 23 32 50 52 58
355,11/01/2020,02 26 40 42 49 56
356,08/01/2020,13 14 29 30 48 59
357,04/01/2020,05 23 34 45 56 57
358,31/12/2019,03 35 38 40 57 58
359,21/12/2019,08 28 36 45 57 59
360,19/12/2019,06 16 22 38 48 52
361,17/12/2019,10 14 16 30 32 36
362,14/12/2019,10 24 42 43 48 49
363,11/12/2019,01 19 21 23 33 43
364,07/12/2019,04 10 18 30 34 47
365,04/12/2019,05 07 10 32 46 60
366,30/11/2019,23 26 51 52 53 58
367,27/11/2019,27 36 40 41 44 54
368,23/11/2019,11 17 24 25 33 34
369,20/11/2019,22 25 28 32 33 47
370,16/11/2019,16 25 30 40 45 49
371,13/11/2019,06 10 11 43 53 55
372,09/11/2019,06 27 38 42 45 57
373,06/11/2019,12 21 28 37 42 57
374,04/11/2019,01 28 29 32 35 56
375,30/10/2019,17 34 46 49 50 57
376,26/10/2019,11 29 37 38 43 60
377,24/10/2019,03 13 23 41 49 53
378,22/10/2019,11 15 28 36 43 55
379,19/10/2019,15 23 30 35 38 44
380,16/10/2019,01 11 34 36 44 56
381,14/10/2019,03 11 29 35 44 57
382,09/10/2019,01 25 27 28 41 56
383,05/10/2019,14 24 32 38 46 53
384,02/10/2019,08 16 20 21 31 34
385,28/09/2019,07 08 22 27 29 42
386,26/09/2019,07 16 37 53 57 59
387,24/09/2019,04 08 26 33 46 53
388,21/09/2019,05 09 20 25 35 53
389,18/09/2019,04 11 16 22 29 33
390,14/09/2019,02 17 21 28 51 60
391,11/09/2019,10 11 16 21 46 50
392,09/09/2019,12 18 19 27 41 46
393,04/09/2019,09 18 19 22 42 47
394,31/08/2019,15 36 45 51 52 59
395,28/08/2019,13 26 30 34 43 51
396,24/08/2019,19 22 39 46 47 59
397,21/08/2019,01 08 19 33 36 48
398,17/08/2019,10 12 16 21 28 38
399,14/08/2019,02 13 24 35 50 54
400,10/08/2019,02 16 21 42 50 56
401,08/08/2019,09 11 14 31 48 51
402,06/08/2019,08 23 25 39 43 44
403,03/08/2019,07 25 32 43 53 55
404,31/07/2019,10 15 34 36 56 60
405,27/07/2019,02 09 42 44 48 50
406,24/07/2019,09 24 28 37 43 57
407,20/07/2019,12 13 19 36 44 55
408,17/07/2019,10 21 24 36 38 51
409,13/07/2019,07 34 45 51 54 59
410,11/07/2019,01 04 25 27 29 37
411,09/07/2019,27 37 38 43 45 54
412,06/07/2019,03 19 34 44 56 58
413,03/07/2019,05 37 43 49 54 56
414,29/06/2019,16 17 25 47 48 58
415,26/06/2019,08 18 20 24 36 45
416,22/06/2019,11 16 22 30 34 42
417,19/06/2019,08 09 10 24 42 44
418,15/06/2019,01 19 46 47 49 53
419,12/06/2019,14 26 35 38 45 53
420,08/06/2019,09 27 35 45 46 59
421,05/06/2019,31 33 34 35 39 48
422,01/06/2019,01 06 23 26 39 49
423,29/05/2019,02 06 27 37 44 47
424,25/05/2019,07 25 41 47 50 53
425,22/05/2019,08 13 28 31 32 33
426,18/05/2019,26 29 36 49 50 59
427,15/05/2019,02 14 18 29 36 38
428,11/05/2019,23 24 26 38 42 49
429,08/05/2019,21 23 37 44 46 48
430,04/05/2019,08 15 32 33 58 59
431,02/05/2019,17 19 37 41 42 49
432,27/04/2019,16 18 31 39 42 44
433,24/04/2019,06 08 28 51 53 59
434,20/04/2019,07 16 21 33 55 60
435,17/04/2019,02 12 35 51 57 58
436,13/04/2019,07 40 44 50 52 57
437,10/04/2019,10 11 17 19 37 41
438,06/04/2019,17 20 26 36 42 54
439,03/04/2019,14 23 29 41 57 58
440,30/03/2019,04 13 14 21 30 34
441,27/03/2019,01 02 11 12 34 49
442,23/03/2019,01 08 11 22 30 35
443,20/03/2019,09 23 28 40 48 59
444,16/03/2019,06 21 34 46 54 59
445,13/03/2019,19 20 26 51 52 57
446,09/03/2019,05 18 30 35 39 60
447,06/03/2019,02 03 06 18 20 28
448,02/03/2019,13 16 36 53 54 55
449,28/02/2019,06 12 31 32 46 60
450,26/02/2019,11 16 24 46 54 55
451,23/02/2019,01 07 28 30 44 46
452,20/02/2019,07 12 24 27 39 58
453,16/02/2019,01 31 44 46 53 58
454,13/02/2019,02 11 20 31 43 47
455,09/02/2019,14 15 47 50 56 59
456,06/02/2019,03 11 15 21 27 49
457,02/02/2019,08 10 17 29 37 40
458,30/01/2019,13 20 24 25 38 41
459,26/01/2019,19 21 26 31 42 49
460,23/01/2019,11 12 20 40 41 46
461,19/01/2019,04 28 29 30 43 52
462,17/01/2019,01 09 19 21 34 54
463,15/01/2019,04 19 27 35 40 44
464,12/01/2019,17 25 30 35 42 57
465,09/01/2019,11 14 21 25 46 50
466,05/01/2019,17 39 43 46 52 53
467,02/01/2019,01 41 44 46 54 58
468,31/12/2018,05 10 12 18 25 33
469,20/12/2018,04 12 16 34 44 49
470,18/12/2018,19 22 29 41 44 59
471,15/12/2018,08 38 44 50 56 60
472,12/12/2018,03 27 36 39 40 43
473,08/12/2018,11 13 16 24 31 46
474,06/12/2018,02 10 12 27 45 56
475,04/12/2018,03 13 40 44 46 50
476,01/12/2018,04 06 17 34 51 57
477,28/11/2018,02 08 18 37 56 58
478,24/11/2018,01 10 11 13 35 49
479,21/11/2018,05 15 20 27 30 58
480,17/11/2018,02 08 18 27 38 60
481,14/11/2018,09 24 28 45 49 51
482,10/11/2018,06 11 13 19 24 51
483,07/11/2018,16 29 35 43 49 56
484,03/11/2018,04 16 19 31 33 44
485,31/10/2018,08 14 27 34 52 54
486,27/10/2018,11 13 15 17 22 27
487,25/10/2018,10 11 12 37 38 59
488,23/10/2018,08 11 18 37 40 51
489,20/10/2018,05 10 32 38 48 49
490,17/10/2018,03 14 24 27 38 56
491,13/10/2018,02 18 19 23 34 53
492,10/10/2018,04 35 43 46 47 53
493,06/10/2018,12 21 25 37 38 49
494,03/10/2018,07 20 26 37 38 39
495,29/09/2018,01 18 19 33 56 60
496,26/09/2018,06 25 33 42 48 49
497,22/09/2018,13 18 35 40 41 42
498,20/09/2018,10 22 40 46 55 58
499,18/09/2018,01 02 14 37 55 58
500,15/09/2018,02 11 15 30 36 39
501,12/09/2018,13 16 26 35 37 39
502,08/09/2018,05 06 12 15 22 43
503,05/09/2018,07 09 23 33 57 59
504,01/09/2018,08 18 23 37 42 58
505,29/08/2018,12 15 18 30 52 55
506,25/08/2018,10 12 13 20 22 54
507,22/08/2018,24 33 34 35 46 60
508,18/08/2018,05 26 27 34 42 48
509,16/08/2018,03 17 34 35 40 48
510,14/08/2018,03 05 09 40 42 47
511,11/08/2018,02 11 13 26 32 59
512,08/08/2018,06 25 27 35 45 55
513,04/08/2018,04 11 20 30 37 43
514,01/08/2018,10 14 36 53 55 60
515,28/07/2018,06 10 19 24 25 29
516,25/07/2018,08 10 15 23 25 34
517,21/07/2018,33 36 40 44 45 54
518,18/07/2018,08 09 11 25 39 41
519,14/07/2018,04 05 36 40 44 56
520,11/07/2018,04 19 23 29 56 59
521,07/07/2018,10 13 20 37 38 54
522,05/07/2018,18 22 29 34 36 47
523,03/07/2018,06 25 35 43 46 53
524,30/06/2018,04 07 12 22 26 39
525,27/06/2018,12 22 27 37 40 55
526,23/06/2018,50 51 56 57 58 59
527,20/06/2018,01 05 06 37 44 53
528,16/06/2018,08 31 32 33 38 50
529,13/06/2018,10 19 27 31 51 53
530,09/06/2018,10 19 26 35 38 39
531,06/06/2018,01 18 19 29 44 54
532,02/06/2018,03 06 11 27 28 46
533,30/05/2018,15 25 27 45 46 50
534,26/05/2018,07 14 47 54 56 60
535,23/05/2018,21 38 53 56 57 58
536,19/05/2018,14 22 29 32 33 35
537,16/05/2018,10 12 22 25 42 54
538,12/05/2018,06 09 41 54 56 58
539,10/05/2018,06 12 22 28 31 44
540,08/05/2018,06 25 26 35 38 40
541,05/05/2018,14 16 23 30 45 60
542,02/05/2018,07 08 19 23 27 58
543,28/04/2018,30 35 36 38 49 52
544,25/04/2018,06 07 13 17 22 56
545,20/04/2018,10 18 33 38 40 43
546,17/04/2018,06 14 19 20 39 53
547,14/04/2018,18 23 37 39 50 55
548,11/04/2018,04 27 38 40 58 59
549,07/04/2018,06 15 18 33 37 40
550,04/04/2018,07 11 24 36 42 58
551,31/03/2018,11 15 29 37 39 44
552,28/03/2018,10 23 31 33 51 52
553,24/03/2018,04 24 46 52 55 56
554,21/03/2018,16 20 23 29 35 47
555,17/03/2018,01 06 07 08 23 56
556,14/03/2018,04 28 45 48 52 60
557,10/03/2018,07 14 32 37 40 60
558,07/03/2018,02 36 46 48 57 60
559,03/03/2018,23 41 46 52 54 59
560,28/02/2018,11 22 25 27 55 59
561,24/02/2018,02 10 11 24 38 56
562,21/02/2018,04 11 17 18 21 48
563,17/02/2018,17 18 27 32 39 58
564,14/02/2018,16 32 40 46 53 56
565,10/02/2018,06 23 30 36 53 56
566,08/02/2018,08 11 27 35 36 51
567,06/02/2018,02 28 32 35 54 58
568,03/02/2018,08 10 18 34 39 56
569,31/01/2018,01 37 44 46 48 50
570,27/01/2018,22 27 33 42 58 59
571,24/01/2018,04 14 39 41 54 58
572,20/01/2018,01 09 14 20 25 54
573,17/01/2018,11 19 22 33 34 53
574,13/01/2018,01 05 14 23 35 45
575,10/01/2018,28 34 40 43 50 51
576,06/01/2018,04 28 30 38 46 59
577,03/01/2018,20 22 36 42 52 60
578,31/12/2017,03 06 10 17 34 37
579,21/12/2017,15 37 38 42 49 50
580,19/12/2017,08 21 24 25 52 57
581,16/12/2017,01 07 14 31 35 46
582,13/12/2017,07 20 21 24 40 56
583,09/12/2017,14 26 29 35 37 39
584,06/12/2017,02 05 12 32 40 44
585,02/12/2017,06 17 33 48 50 57
586,29/11/2017,05 11 13 21 53 54
587,25/11/2017,19 20 28 34 36 44
588,22/11/2017,11 24 26 34 37 59
589,18/11/2017,15 22 30 32 40 58
590,16/11/2017,05 10 39 42 46 54
591,11/11/2017,10 14 31 34 45 58
592,09/11/2017,23 36 43 44 55 56
593,07/11/2017,09 28 29 34 36 55
594,04/11/2017,21 29 32 35 43 50
595,01/11/2017,05 06 10 14 22 36
596,28/10/2017,04 14 20 24 46 50
597,25/10/2017,06 15 19 37 39 53
598,21/10/2017,12 16 17 18 34 37
599,19/10/2017,22 23 29 32 38 45
600,17/10/2017,02 06 22 44 55 57
601,14/10/2017,03 16 28 32 34 37
602,11/10/2017,12 14 19 25 52 59
603,07/10/2017,08 11 24 26 47 57
604,04/10/2017,04 19 27 38 54 57
605,30/09/2017,01 12 16 17 52 60
606,27/09/2017,09 16 20 54 57 59
607,23/09/2017,04 10 41 44 52 54
608,21/09/2017,05 10 18 24 39 52
609,19/09/2017,08 20 30 32 48 59
610,16/09/2017,35 36 39 44 48 52
611,13/09/2017,13 30 32 39 46 54
612,09/09/2017,10 13 19 32 40 60
613,06/09/2017,26 28 35 38 48 55
614,02/09/2017,02 27 32 36 48 50
615,30/08/2017,04 05 07 34 42 60
616,26/08/2017,05 06 15 25 39 53
617,23/08/2017,17 25 26 30 32 50
618,19/08/2017,01 18 25 37 39 43
619,16/08/2017,08 21 27 35 43 56
620,12/08/2017,15 20 22 24 34 55
621,10/08/2017,02 14 22 23 29 47
622,08/08/2017,05 08 20 28 40 45
623,05/08/2017,15 27 33 36 41 45
624,02/08/2017,09 25 33 35 40 49
625,29/07/2017,09 26 29 42 43 45
626,26/07/2017,09 21 36 38 52 53
627,22/07/2017,14 16 19 21 33 55
628,19/07/2017,10 21 32 34 48 57
629,15/07/2017,01 06 14 22 30 56
630,12/07/2017,12 20 24 28 33 57
631,08/07/2017,08 33 40 52 55 59
632,06/07/2017,04 06 39 44 52 60
633,04/07/2017,04 08 10 21 45 54
634,01/07/2017,08 09 39 47 57 59
635,28/06/2017,09 11 12 30 39 43
636,24/06/2017,06 18 20 24 43 48
637,21/06/2017,01 09 24 38 48 49
638,17/06/2017,09 13 16 17 36 47
639,14/06/2017,07 24 29 39 45 52
640,10/06/2017,10 16 32 40 42 54
641,07/06/2017,06 10 24 29 43 55
642,03/06/2017,03 12 24 40 51 52
643,31/05/2017,01 03 10 17 23 24
644,27/05/2017,08 23 35 39 56 59
645,24/05/2017,02 14 15 19 35 59
646,20/05/2017,10 16 21 29 44 55
647,17/05/2017,02 08 09 15 22 34
648,13/05/2017,04 17 18 37 52 56
649,11/05/2017,03 10 23 36 43 52
650,09/05/2017,10 26 28 51 53 59
651,06/05/2017,05 11 13 19 30 31
652,03/05/2017,02 03 14 20 30 46
653,29/04/2017,01 17 38 43 45 47
654,26/04/2017,12 16 30 52 53 58
655,22/04/2017,09 34 42 45 46 59
656,19/04/2017,20 22 36 38 41 43
657,15/04/2017,10 15 16 19 28 35
658,12/04/2017,25 31 33 39 43 45
659,08/04/2017,11 28 37 45 54 60
660,05/04/2017,16 17 20 22 38 50
661,01/04/2017,04 21 25 33 36 46
662,29/03/2017,03 09 18 23 50 52
663,25/03/2017,02 20 21 33 48 57
664,22/03/2017,16 29 33 39 42 44
665,18/03/2017,04 14 17 43 52 56
666,15/03/2017,10 13 33 35 36 42
667,11/03/2017,16 18 23 30 32 33
668,08/03/2017,06 09 15 22 39 48
669,04/03/2017,11 40 43 45 47 57
670,01/03/2017,04 10 13 23 27 57
671,25/02/2017,03 25 35 38 44 48
672,23/02/2017,06 27 33 39 40 60
673,21/02/2017,29 35 43 54 56 57
674,18/02/2017,12 15 18 21 51 56
675,15/02/2017,09 10 15 28 43 45
676,11/02/2017,02 07 09 18 21 25
677,08/02/2017,11 12 26 30 37 53
678,04/02/2017,08 11 27 28 43 46
679,01/02/2017,20 23 35 36 44 48
680,28/01/2017,12 34 45 53 55 58
681,25/01/2017,09 22 25 47 52 58
682,21/01/2017,03 06 14 15 21 25
683,18/01/2017,02 03 05 10 15 34
684,14/01/2017,21 31 35 53 54 57
685,11/01/2017,16 17 19 28 45 58
686,07/01/2017,06 17 22 30 37 50
687,04/01/2017,01 03 19 23 47 58
688,31/12/2016,05 11 22 24 51 53
689,24/12/2016,16 23 25 28 30 44
690,22/12/2016,01 10 17 18 45 48
691,20/12/2016,11 23 34 41 46 56
692,17/12/2016,03 07 15 40 45 54
693,14/12/2016,07 14 18 23 32 59
694,10/12/2016,01 04 23 32 38 59
695,07/12/2016,16 27 28 47 59 60
696,03/12/2016,09 10 19 35 37 41
697,30/11/2016,03 10 30 44 53 56
698,26/11/2016,05 16 19 37 51 56
699,23/11/2016,05 10 20 57 58 59
700,19/11/2016,12 16 26 40 56 57
701,16/11/2016,13 16 23 24 32 35
702,12/11/2016,07 18 39 41 44 51
703,10/11/2016,01 45 47 52 53 55
704,08/11/2016,10 28 37 43 44 47
705,05/11/2016,05 25 28 41 53 54
706,03/11/2016,11 13 25 39 46 56
707,29/10/2016,03 11 17 33 52 58
708,26/10/2016,18 20 30 32 33 40
709,22/10/2016,11 23 24 26 40 52
710,20/10/2016,01 05 23 25 28 31
711,18/10/2016,03 10 17 21 22 43
712,15/10/2016,14 17 36 38 44 60
713,13/10/2016,01 05 31 32 37 42
714,08/10/2016,04 05 14 37 40 60
715,05/10/2016,16 23 45 56 58 59
716,01/10/2016,02 08 35 42 49 56
717,28/09/2016,02 04 09 35 45 60
718,24/09/2016,10 30 36 40 44 60
719,22/09/2016,01 13 14 21 26 51
720,20/09/2016,22 28 30 33 55 59
721,17/09/2016,13 23 25 35 52 53
722,14/09/2016,02 09 14 22 32 37
723,10/09/2016,06 10 15 24 38 39
724,08/09/2016,25 30 31 34 43 59
725,03/09/2016,01 02 34 39 41 45
726,31/08/2016,13 17 29 45 49 50
727,27/08/2016,08 18 21 22 35 37
728,24/08/2016,23 24 32 38 40 41
729,20/08/2016,03 05 11 27 35 44
730,17/08/2016,09 40 41 50 55 58
731,13/08/2016,01 06 45 49 50 57
732,11/08/2016,06 24 26 30 34 49
733,09/08/2016,03 09 13 29 30 51
734,06/08/2016,03 04 37 39 48 50
735,03/08/2016,08 26 28 33 41 54
736,30/07/2016,16 18 22 24 34 43
737,27/07/2016,03 06 13 38 49 51
738,23/07/2016,15 17 33 41 47 48
739,20/07/2016,07 22 28 32 56 58
740,16/07/2016,05 08 24 30 57 59
741,14/07/2016,41 44 48 50 54 57
742,12/07/2016,08 15 18 45 59 60
743,09/07/2016,08 28 36 47 50 58
744,06/07/2016,02 17 22 24 48 51
745,02/07/2016,02 03 07 16 27 42
746,29/06/2016,14 34 46 47 56 57
747,25/06/2016,15 27 28 32 48 55
748,22/06/2016,03 07 29 37 54 60
749,18/06/2016,07 13 24 30 32 53
750,15/06/2016,06 11 32 40 48 59
751,11/06/2016,26 33 42 43 53 54
752,09/06/2016,17 19 32 43 48 51
753,07/06/2016,10 11 21 50 51 54
754,04/06/2016,05 06 12 19 30 60
755,01/06/2016,04 09 21 34 54 59
756,28/05/2016,01 22 26 43 50 53
757,25/05/2016,19 22 31 36 52 53
758,21/05/2016,03 19 23 27 40 45
759,18/05/2016,17 18 26 30 33 37
760,14/05/2016,02 06 10 15 53 56
761,11/05/2016,01 04 26 39 47 55
762,07/05/2016,05 10 12 22 28 46
763,05/05/2016,08 11 25 39 41 60
764,03/05/2016,09 11 27 46 51 53
765,30/04/2016,09 11 13 15 19 51
766,27/04/2016,20 23 32 34 37 45
767,23/04/2016,05 17 32 35 37 57
768,20/04/2016,01 10 25 43 50 56
769,16/04/2016,09 12 23 24 46 54
770,13/04/2016,02 14 20 25 41 45
771,09/04/2016,01 15 16 22 25 43
772,06/04/2016,11 20 35 42 55 58
773,02/04/2016,17 22 27 31 49 57
774,30/03/2016,20 21 28 48 50 59
775,26/03/2016,04 08 29 38 49 50
776,23/03/2016,02 06 13 14 17 44
777,19/03/2016,06 19 34 43 45 54
778,16/03/2016,06 11 16 19 31 56
779,12/03/2016,01 03 04 39 51 53
780,10/03/2016,02 09 23 28 45 53
781,08/03/2016,02 13 14 35 54 57
782,05/03/2016,22 23 34 48 53 54
783,02/03/2016,30 42 47 50 55 58
784,27/02/2016,01 05 34 37 40 60
785,24/02/2016,13 14 22 54 56 58
786,20/02/2016,02 16 17 18 41 47
787,17/02/2016,12 18 46 50 53 55
788,13/02/2016,11 13 26 27 28 50
789,10/02/2016,06 25 43 57 58 59
790,06/02/2016,03 13 42 45 56 59
791,04/02/2016,01 05 13 25 26 29
792,02/02/2016,02 06 08 21 25 34
793,30/01/2016,05 11 27 41 42 54
794,27/01/2016,04 15 26 30 54 55
795,23/01/2016,04 06 16 18 21 38
796,20/01/2016,06 18 34 47 52 57
797,16/01/2016,01 08 22 49 52 53
798,14/01/2016,06 20 22 31 33 34
799,12/01/2016,12 25 30 39 56 57
800,09/01/2016,04 10 38 40 45 48
801,06/01/2016,04 19 38 44 52 55
802,02/01/2016,10 11 14 19 39 48
803,31/12/2015,02 18 31 42 51 56
804,26/12/2015,01 12 20 30 52 60
805,24/12/2015,15 30 39 41 45 59
806,22/12/2015,12 19 27 39 41 45
807,19/12/2015,02 20 27 28 32 38
808,16/12/2015,11 26 27 30 34 41
809,12/12/2015,32 37 44 47 54 60
810,09/12/2015,05 07 11 34 35 50
811,05/12/2015,16 26 35 39 44 45
812,02/12/2015,22 23 41 46 53 60
813,28/11/2015,01 06 28 37 56 58
814,25/11/2015,06 07 29 39 41 55
815,21/11/2015,09 12 15 21 31 36
816,18/11/2015,26 32 42 45 55 59
817,14/11/2015,09 10 36 50 53 55
818,13/11/2015,10 24 25 36 47 48
819,10/11/2015,02 14 21 22 51 60
820,07/11/2015,06 11 16 23 36 42
821,04/11/2015,13 25 28 37 43 56
822,31/10/2015,06 13 14 28 35 45
823,28/10/2015,02 05 08 18 30 48
824,24/10/2015,20 27 30 31 40 53
825,21/10/2015,08 15 29 35 45 54
826,17/10/2015,09 36 37 53 55 60
827,15/10/2015,15 22 23 42 51 57
828,13/10/2015,15 17 20 31 41 48
829,10/10/2015,03 13 14 29 33 43
830,07/10/2015,02 10 13 41 49 53
831,03/10/2015,06 33 34 48 53 59
832,30/09/2015,06 18 37 40 41 58
833,26/09/2015,09 13 18 47 52 60
834,23/09/2015,09 12 14 29 42 56
835,19/09/2015,04 10 29 31 34 35
836,16/09/2015,11 19 21 23 27 52
837,12/09/2015,15 18 20 32 48 49
838,09/09/2015,10 15 25 38 47 53
839,05/09/2015,09 10 17 32 34 46
840,02/09/2015,12 28 37 46 48 53
841,29/08/2015,05 08 42 50 51 59
842,26/08/2015,12 13 24 29 32 41
843,22/08/2015,06 16 33 34 45 46
844,19/08/2015,12 17 25 29 41 52
845,15/08/2015,03 05 09 14 41 46
846,12/08/2015,25 34 38 45 53 60
847,08/08/2015,05 18 27 43 49 59
848,06/08/2015,01 10 17 24 42 51
849,04/08/2015,07 14 23 43 44 53
850,01/08/2015,03 08 28 39 42 59
851,29/07/2015,04 06 19 20 40 41
852,25/07/2015,03 10 42 49 54 57
853,22/07/2015,16 18 26 30 31 34
854,18/07/2015,27 33 37 39 58 60
855,15/07/2015,14 27 30 46 52 60
856,11/07/2015,09 23 39 41 49 58
857,09/07/2015,04 12 19 33 36 38
858,07/07/2015,18 23 31 39 49 57
859,04/07/2015,01 22 31 34 44 54
860,01/07/2015,04 30 31 32 47 53
861,27/06/2015,02 09 16 37 44 58
862,24/06/2015,02 25 36 41 42 53
863,20/06/2015,16 20 35 40 53 60
864,17/06/2015,02 08 24 36 51 52
865,13/06/2015,03 10 16 23 27 29
866,10/06/2015,02 12 19 29 50 59
867,06/06/2015,22 26 38 39 45 50
868,03/06/2015,07 21 28 56 58 59
869,30/05/2015,07 19 30 35 42 47
870,27/05/2015,17 29 32 38 45 50
871,23/05/2015,07 16 20 27 36 52
872,20/05/2015,12 31 34 36 48 56
873,16/05/2015,25 27 29 37 50 51
874,13/05/2015,01 07 11 32 51 59
875,09/05/2015,03 23 26 35 39 49
876,07/05/2015,17 19 33 35 39 52
877,05/05/2015,03 09 18 32 40 56
878,02/05/2015,15 18 41 48 50 58
879,29/04/2015,01 06 10 30 33 38
880,25/04/2015,11 13 24 28 44 45
881,22/04/2015,08 23 30 51 53 58
882,18/04/2015,01 12 17 31 37 46
883,15/04/2015,24 36 38 43 44 58
884,11/04/2015,20 29 34 37 45 57
885,08/04/2015,05 15 18 19 21 38
886,04/04/2015,11 13 14 27 44 56
887,01/04/2015,01 10 24 39 45 58
888,28/03/2015,21 24 26 35 45 53
889,25/03/2015,02 05 13 27 41 53
890,21/03/2015,18 23 30 32 42 56
891,18/03/2015,15 24 37 46 49 58
892,14/03/2015,09 14 37 44 46 55
893,11/03/2015,03 18 31 39 46 51
894,07/03/2015,09 12 18 31 39 50
895,04/03/2015,04 12 32 33 34 48
896,28/02/2015,07 13 35 37 39 51
897,25/02/2015,01 06 08 11 33 50
898,21/02/2015,23 37 38 46 47 51
899,18/02/2015,01 02 27 28 46 47
900,14/02/2015,09 11 17 19 35 52
901,11/02/2015,10 15 28 33 51 52
902,07/02/2015,01 02 11 37 48 51
903,04/02/2015,03 18 34 35 36 56
904,31/01/2015,22 30 42 50 58 59
905,28/01/2015,05 10 23 24 35 47
906,24/01/2015,01 03 05 10 20 42
907,21/01/2015,21 27 31 45 55 56
908,17/01/2015,01 17 19 30 33 47
909,14/01/2015,28 29 31 45 48 49
910,10/01/2015,05 40 47 52 55 57
911,07/01/2015,07 12 24 44 51 56
912,03/01/2015,01 02 23 27 45 51
913,31/12/2014,01 05 11 16 20 56
914,24/12/2014,08 21 23 29 36 48
915,20/12/2014,18 20 27 40 49 55
916,17/12/2014,10 14 25 29 33 57
917,13/12/2014,13 16 27 43 48 58
918,10/12/2014,08 17 34 38 42 51
919,06/12/2014,04 10 20 33 37 49
920,03/12/2014,07 11 19 23 40 49
921,29/11/2014,07 10 14 37 45 54
922,26/11/2014,04 06 11 43 54 56
923,22/11/2014,07 24 28 46 53 56
924,19/11/2014,07 16 33 42 50 58
925,14/11/2014,01 21 22 27 32 45
926,12/11/2014,07 24 26 28 44 57
927,08/11/2014,08 27 35 38 41 44
928,05/11/2014,17 23 29 38 57 60
929,01/11/2014,24 33 38 42 44 54
930,29/10/2014,15 16 18 20 22 48
931,25/10/2014,12 17 23 38 53 54
932,22/10/2014,19 23 34 40 41 58
933,18/10/2014,08 18 21 31 37 38
934,15/10/2014,10 13 16 22 34 60
935,11/10/2014,16 19 20 28 37 60
936,08/10/2014,03 23 42 43 47 60
937,04/10/2014,23 29 30 33 46 51
938,01/10/2014,02 06 18 23 31 46
939,27/09/2014,16 29 34 35 49 51
940,24/09/2014,01 02 38 41 42 58
941,20/09/2014,01 05 24 47 55 56
942,17/09/2014,19 26 33 35 51 52
943,13/09/2014,08 23 28 30 32 51
944,10/09/2014,09 10 23 33 44 51
945,06/09/2014,01 02 11 13 36 49
946,03/09/2014,06 18 24 27 56 59
947,30/08/2014,04 29 44 47 48 60
948,27/08/2014,01 07 30 43 44 54
949,23/08/2014,04 20 24 35 47 59
950,20/08/2014,26 29 34 38 50 60
951,16/08/2014,20 26 32 41 45 57
952,13/08/2014,03 05 14 35 43 52
953,09/08/2014,11 22 36 40 45 52
954,07/08/2014,02 27 32 41 47 58
955,05/08/2014,33 43 49 50 56 59
956,02/08/2014,04 05 07 21 45 53
957,30/07/2014,10 22 24 38 39 49
958,26/07/2014,13 23 27 34 38 57
959,23/07/2014,05 08 17 42 46 47
960,19/07/2014,09 20 24 43 51 52
961,16/07/2014,03 23 26 31 47 54
962,12/07/2014,28 31 40 42 46 58
963,09/07/2014,05 20 26 31 33 44
964,05/07/2014,14 17 21 27 43 49
965,02/07/2014,04 18 31 44 46 49
966,28/06/2014,06 13 17 36 42 51
967,25/06/2014,24 28 47 50 51 58
968,21/06/2014,01 04 09 35 36 53
969,18/06/2014,02 06 13 26 53 60
970,14/06/2014,05 06 17 43 54 59
971,11/06/2014,07 31 32 41 51 52
972,07/06/2014,01 15 37 42 46 54
973,04/06/2014,09 19 21 30 31 42
974,31/05/2014,02 21 24 27 40 51
975,28/05/2014,13 20 27 31 53 60
976,24/05/2014,08 12 22 35 40 44
977,21/05/2014,08 10 24 45 56 60
978,17/05/2014,09 23 32 35 46 57
979,14/05/2014,03 10 15 35 36 58
980,10/05/2014,29 31 36 42 47 53
981,07/05/2014,05 10 16 44 50 52
982,03/05/2014,01 05 07 10 12 45
983,30/04/2014,02 05 08 42 46 59
984,26/04/2014,06 07 08 23 43 53
985,23/04/2014,04 09 17 18 21 38
986,19/04/2014,31 36 38 41 42 49
987,16/04/2014,04 10 23 33 38 55
988,12/04/2014,07 20 34 40 44 55
989,09/04/2014,04 05 11 19 41 51
990,05/04/2014,23 29 32 36 45 49
991,02/04/2014,08 19 21 30 52 56
992,29/03/2014,08 39 43 46 47 58
993,26/03/2014,02 43 47 48 49 55
994,22/03/2014,03 22 27 28 50 54
995,19/03/2014,02 09 17 18 45 47
996,15/03/2014,01 04 13 17 38 48
997,12/03/2014,14 15 25 30 31 34
998,08/03/2014,01 06 14 17 33 36
999,05/03/2014,25 34 40 49 51 60
1000,01/03/2014,03 06 30 37 53 56
1001,26/02/2014,11 14 25 32 51 59
1002,22/02/2014,13 15 21 26 30 46
1003,19/02/2014,01 04 05 14 45 56
1004,15/02/2014,06 27 28 33 46 48
1005,12/02/2014,07 16 21 35 36 38
1006,08/02/2014,20 27 42 45 46 47
1007,05/02/2014,03 29 32 46 55 60
1008,01/02/2014,15 18 24 42 46 56
1009,29/01/2014,05 15 18 31 42 53
1010,25/01/2014,19 24 25 28 42 58
1011,22/01/2014,02 15 30 38 48 53
1012,18/01/2014,05 06 11 32 36 60
1013,15/01/2014,18 37 39 41 43 51
1014,11/01/2014,25 38 44 46 53 54
1015,09/01/2014,01 06 13 20 36 43
1016,04/01/2014,10 12 23 37 47 51
1017,02/01/2014,23 26 28 54 55 60
1018,31/12/2013,20 30 36 38 47 53
1019,21/12/2013,08 12 16 29 37 58
1020,19/12/2013,07 15 17 31 42 54
1021,17/12/2013,04 16 18 31 45 46
1022,14/12/2013,01 04 07 10 11 52
1023,11/12/2013,02 05 23 33 52 59
1024,07/12/2013,30 32 49 50 52 53
1025,04/12/2013,20 21 22 29 46 60
1026,30/11/2013,07 18 24 26 39 46
1027,27/11/2013,02 15 19 21 23 38
1028,23/11/2013,09 13 21 27 36 56
1029,20/11/2013,10 12 16 20 32 53
1030,16/11/2013,19 41 42 44 47 54
1031,13/11/2013,02 09 10 18 21 28
1032,09/11/2013,04 17 38 44 53 60
1033,06/11/2013,04 06 11 24 45 48
1034,01/11/2013,02 21 30 35 45 50
1035,30/10/2013,07 15 20 23 30 41
1036,26/10/2013,07 11 12 30 39 57
1037,23/10/2013,05 24 37 44 49 58
1038,19/10/2013,03 17 27 32 47 54
1039,16/10/2013,08 10 20 26 49 58
1040,11/10/2013,23 27 35 52 53 57
1041,09/10/2013,06 10 33 50 51 56
1042,05/10/2013,13 18 29 32 50 58
1043,02/10/2013,08 09 25 41 54 55
1044,28/09/2013,01 12 28 29 34 48
1045,25/09/2013,13 21 29 34 47 57
1046,21/09/2013,02 11 23 31 42 44
1047,18/09/2013,12 13 24 41 42 44
1048,14/09/2013,10 16 28 33 48 53
1049,11/09/2013,11 15 17 34 35 49
1050,06/09/2013,04 13 15 19 36 58
1051,04/09/2013,16 32 36 42 44 48
1052,31/08/2013,10 16 28 47 51 59
1053,28/08/2013,02 26 30 35 46 54
1054,24/08/2013,02 12 40 46 52 53
1055,21/08/2013,22 25 31 39 41 44
1056,17/08/2013,05 08 23 32 33 56
1057,14/08/2013,11 14 18 30 33 39
1058,10/08/2013,07 31 35 36 46 48
1059,08/08/2013,05 06 15 23 56 59
1060,06/08/2013,08 09 28 41 48 55
1061,03/08/2013,07 17 38 45 52 56
1062,31/07/2013,04 18 20 34 45 60
1063,27/07/2013,04 13 14 18 49 59
1064,24/07/2013,16 17 23 42 59 60
1065,20/07/2013,17 28 31 56 57 58
1066,17/07/2013,11 28 35 42 46 58
1067,13/07/2013,04 08 17 29 31 45
1068,10/07/2013,01 08 17 44 46 53
1069,06/07/2013,01 06 27 46 51 59
1070,03/07/2013,17 18 30 35 39 58
1071,29/06/2013,24 46 50 51 52 56
1072,26/06/2013,03 14 18 34 42 49
1073,22/06/2013,01 02 06 09 16 32
1074,19/06/2013,02 10 12 30 41 42
1075,15/06/2013,03 04 16 22 36 42
1076,12/06/2013,06 22 43 51 52 57
1077,08/06/2013,01 07 13 29 37 54
1078,05/06/2013,10 18 31 43 57 59
1079,01/06/2013,08 22 26 33 37 54
1080,29/05/2013,06 11 27 40 46 49
1081,25/05/2013,04 05 07 27 45 58
1082,22/05/2013,14 18 28 41 47 54
1083,18/05/2013,04 13 14 44 49 57
1084,15/05/2013,02 14 24 28 35 50
1085,11/05/2013,07 12 24 27 30 49
1086,08/05/2013,04 09 18 44 46 48
1087,04/05/2013,06 26 45 50 56 60
1088,02/05/2013,01 03 31 32 43 52
1089,27/04/2013,01 15 24 26 28 48
1090,24/04/2013,04 22 25 38 45 51
1091,20/04/2013,04 09 17 23 28 53
1092,17/04/2013,01 06 10 34 40 54
1093,13/04/2013,04 27 30 36 54 59
1094,10/04/2013,17 20 24 29 49 53
1095,06/04/2013,01 35 39 53 55 56
1096,03/04/2013,06 09 11 34 41 53
1097,30/03/2013,17 27 28 40 44 55
1098,27/03/2013,09 14 21 26 36 52
1099,23/03/2013,21 48 50 54 57 60
1100,20/03/2013,10 27 37 40 47 55
1101,16/03/2013,03 04 46 50 56 59
1102,13/03/2013,04 10 26 37 47 57
1103,09/03/2013,12 13 37 44 48 51
1104,06/03/2013,01 02 03 11 28 43
1105,02/03/2013,02 12 33 57 58 60
1106,27/02/2013,12 18 23 25 45 50
1107,23/02/2013,10 25 33 36 40 58
1108,20/02/2013,02 34 36 38 51 55
1109,16/02/2013,04 13 35 54 56 58
1110,13/02/2013,01 02 10 19 20 37
1111,09/02/2013,23 24 26 41 52 53
1112,06/02/2013,04 06 13 34 37 51
1113,02/02/2013,06 11 16 26 44 53
1114,30/01/2013,02 24 32 50 54 59
1115,26/01/2013,13 22 28 29 40 48
1116,23/01/2013,05 09 25 27 38 40
1117,19/01/2013,31 36 44 47 49 54
1118,16/01/2013,04 14 27 38 50 52
1119,12/01/2013,02 06 30 34 35 52
1120,09/01/2013,02 04 16 33 44 51
1121,05/01/2013,15 16 34 42 46 59
1122,02/01/2013,06 08 14 26 36 40
1123,31/12/2012,14 32 33 36 41 52
1124,22/12/2012,04 27 29 41 48 52
1125,20/12/2012,06 13 25 32 47 57
1126,18/12/2012,02 14 28 50 57 58
1127,15/12/2012,02 10 11 33 52 57
1128,12/12/2012,26 27 31 38 44 45
1129,08/12/2012,02 06 18 30 52 56
1130,05/12/2012,01 25 29 36 56 60
1131,01/12/2012,01 19 28 33 39 41
1132,28/11/2012,06 13 24 32 40 51
1133,24/11/2012,05 19 32 41 49 58
1134,21/11/2012,02 05 27 28 48 55
1135,17/11/2012,12 20 32 48 52 54
1136,14/11/2012,12 13 20 30 34 49
1137,10/11/2012,17 29 36 38 53 56
1138,07/11/2012,02 06 28 36 51 56
1139,03/11/2012,02 34 35 42 43 55
1140,31/10/2012,07 14 31 33 36 49
1141,27/10/2012,22 23 26 37 38 48
1142,24/10/2012,01 13 23 24 30 57
1143,20/10/2012,04 15 45 47 50 52
1144,17/10/2012,03 18 22 34 55 58
1145,13/10/2012,04 13 14 40 46 52
1146,10/10/2012,16 24 25 42 45 59
1147,06/10/2012,05 09 13 33 40 54
1148,03/10/2012,02 19 22 30 46 52
1149,29/09/2012,09 12 22 39 48 60
1150,26/09/2012,07 15 19 34 37 55
1151,22/09/2012,08 39 44 47 53 56
1152,19/09/2012,06 15 18 24 30 44
1153,15/09/2012,07 16 29 36 38 50
1154,12/09/2012,03 07 15 29 38 60
1155,08/09/2012,03 08 21 25 27 43
1156,05/09/2012,02 05 13 17 39 44
1157,01/09/2012,19 31 39 44 53 59
1158,29/08/2012,02 11 16 18 36 45
1159,25/08/2012,17 21 30 48 52 58
1160,22/08/2012,07 08 10 12 27 56
1161,18/08/2012,05 12 45 52 56 59
1162,15/08/2012,03 19 22 24 35 49
1163,11/08/2012,26 36 40 46 49 51
1164,09/08/2012,21 37 44 46 49 57
1165,07/08/2012,13 15 33 45 54 55
1166,04/08/2012,06 08 24 37 41 45
1167,01/08/2012,08 12 32 44 46 48
1168,28/07/2012,18 29 40 42 50 54
1169,25/07/2012,06 19 26 47 50 58
1170,21/07/2012,04 19 20 24 39 43
1171,18/07/2012,18 29 31 42 43 53
1172,14/07/2012,07 10 17 24 38 57
1173,11/07/2012,03 14 17 32 37 39
1174,07/07/2012,07 08 27 31 32 51
1175,04/07/2012,13 16 20 26 39 42
1176,30/06/2012,02 09 10 21 27 38
1177,27/06/2012,11 12 25 33 48 54
1178,23/06/2012,09 26 34 43 53 54
1179,20/06/2012,34 39 43 56 57 60
1180,16/06/2012,14 32 33 40 42 51
1181,13/06/2012,03 04 07 15 27 56
1182,09/06/2012,29 48 52 54 55 58
1183,06/06/2012,05 11 17 19 44 48
1184,02/06/2012,11 16 24 35 46 50
1185,30/05/2012,04 18 24 28 39 44
1186,26/05/2012,02 08 12 28 33 43
1187,23/05/2012,07 12 19 34 40 53
1188,19/05/2012,04 19 27 28 29 31
1189,16/05/2012,01 16 28 39 44 57
1190,12/05/2012,22 29 31 43 50 54
1191,09/05/2012,18 27 32 43 50 52
1192,05/05/2012,12 28 38 39 51 56
1193,02/05/2012,27 35 36 37 42 59
1194,28/04/2012,02 18 30 31 45 56
1195,25/04/2012,07 09 23 44 46 55
1196,20/04/2012,05 13 16 17 27 55
1197,18/04/2012,11 27 30 40 44 57
1198,14/04/2012,03 14 52 55 57 60
1199,11/04/2012,05 12 36 45 50 58
1200,07/04/2012,02 05 17 18 54 59
1201,04/04/2012,02 05 12 13 25 35
1202,31/03/2012,09 11 21 49 53 54
1203,28/03/2012,14 25 28 45 53 58
1204,24/03/2012,06 21 28 31 33 43
1205,21/03/2012,07 27 39 52 55 57
1206,17/03/2012,03 36 40 46 58 60
1207,14/03/2012,03 04 08 11 47 49
1208,10/03/2012,02 04 05 27 49 59
1209,07/03/2012,05 16 24 32 38 46
1210,03/03/2012,10 21 26 29 32 38
1211,01/03/2012,02 07 13 29 38 43
1212,25/02/2012,12 27 37 44 54 59
1213,22/02/2012,02 24 26 32 35 50
1214,18/02/2012,10 13 20 40 44 53
1215,15/02/2012,25 35 42 45 52 57
1216,11/02/2012,02 12 19 22 36 58
1217,08/02/2012,23 27 30 37 38 44
1218,04/02/2012,02 16 17 25 50 54
1219,01/02/2012,06 10 12 17 28 53
1220,28/01/2012,03 15 16 35 37 47
1221,25/01/2012,01 19 24 26 52 55
1222,21/01/2012,06 13 21 22 31 46
1223,18/01/2012,11 17 24 39 46 49
1224,14/01/2012,02 08 38 42 48 49
1225,11/01/2012,03 11 13 27 32 47
1226,07/01/2012,09 18 24 35 36 59
1227,04/01/2012,13 33 36 41 50 56
1228,31/12/2011,03 04 29 36 45 55
1229,24/12/2011,09 19 20 50 51 60
1230,22/12/2011,07 12 38 39 45 56
1231,20/12/2011,09 19 45 46 54 56
1232,17/12/2011,12 32 40 47 48 59
1233,14/12/2011,07 17 19 26 40 50
1234,10/12/2011,08 19 21 36 42 59
1235,07/12/2011,19 20 31 42 51 56
1236,03/12/2011,05 07 42 46 50 60
1237,30/11/2011,01 11 20 37 40 52
1238,26/11/2011,13 21 30 36 59 60
1239,23/11/2011,07 10 14 16 54 59
1240,19/11/2011,01 18 19 33 43 60
1241,16/11/2011,02 20 35 38 45 51
1242,12/11/2011,01 32 38 47 51 54
1243,09/11/2011,03 14 20 22 49 51
1244,05/11/2011,01 06 08 10 25 27
1245,03/11/2011,25 26 28 33 42 51
1246,29/10/2011,03 05 13 24 35 59
1247,26/10/2011,09 24 26 39 46 57
1248,22/10/2011,08 18 21 30 48 49
1249,19/10/2011,07 08 11 39 43 50
1250,15/10/2011,10 23 27 43 53 59
1251,13/10/2011,16 35 36 41 52 54
1252,08/10/2011,10 11 18 19 30 50
1253,05/10/2011,02 05 16 20 35 43
1254,01/10/2011,18 29 31 44 51 57
1255,28/09/2011,06 15 25 37 48 55
1256,24/09/2011,10 21 43 47 53 55
1257,21/09/2011,10 47 51 53 59 60
1258,17/09/2011,17 24 25 38 41 55
1259,14/09/2011,04 05 16 18 27 51
1260,10/09/2011,11 14 16 28 34 46
1261,08/09/2011,06 13 29 30 35 37
1262,03/09/2011,08 13 25 34 42 48
1263,31/08/2011,01 27 29 38 50 52
1264,27/08/2011,38 42 44 52 58 60
1265,24/08/2011,01 04 26 39 43 49
1266,20/08/2011,05 20 22 28 29 30
1267,17/08/2011,07 09 12 19 45 54
1268,13/08/2011,08 09 14 32 53 59
1269,11/08/2011,07 12 25 26 32 39
1270,09/08/2011,07 08 24 30 33 47
1271,06/08/2011,07 10 32 43 47 54
1272,03/08/2011,06 19 22 34 43 45
1273,30/07/2011,03 05 11 36 44 46
1274,27/07/2011,07 14 15 20 23 35
1275,23/07/2011,08 19 46 51 52 54
1276,20/07/2011,02 10 15 44 56 57
1277,16/07/2011,03 16 23 25 51 56
1278,13/07/2011,43 44 46 53 54 59
1279,09/07/2011,08 22 32 43 53 56
1280,06/07/2011,14 15 30 53 55 60
1281,02/07/2011,02 05 11 13 56 59
1282,29/06/2011,10 14 43 46 49 53
1283,25/06/2011,02 05 15 20 43 57
1284,22/06/2011,04 06 29 48 50 51
1285,18/06/2011,01 13 24 40 44 50
1286,15/06/2011,09 11 23 30 31 54
1287,11/06/2011,18 40 47 54 57 58
1288,08/06/2011,02 03 14 23 34 50
1289,04/06/2011,01 03 08 13 27 52
1290,01/06/2011,17 30 32 40 42 56
1291,28/05/2011,11 12 31 33 42 52
1292,25/05/2011,02 05 28 33 51 52
1293,21/05/2011,10 15 28 31 33 38
1294,18/05/2011,20 21 26 29 31 36
1295,14/05/2011,08 30 40 44 59 60
1296,11/05/2011,04 23 39 52 55 56
1297,07/05/2011,08 11 14 30 36 38
1298,04/05/2011,06 10 16 20 29 54
1299,30/04/2011,08 14 29 35 36 40
1300,27/04/2011,04 16 24 25 30 56
1301,23/04/2011,12 18 31 50 59 60
1302,20/04/2011,05 09 11 22 36 40
1303,16/04/2011,02 14 48 55 58 60
1304,13/04/2011,13 17 21 39 40 59
1305,09/04/2011,13 19 26 40 58 60
1306,06/04/2011,13 26 27 28 35 52
1307,02/04/2011,01 02 39 48 52 59
1308,30/03/2011,05 09 24 31 33 42
1309,26/03/2011,04 05 15 17 27 51
1310,23/03/2011,03 16 17 44 53 60
1311,19/03/2011,04 20 30 41 47 58
1312,16/03/2011,06 10 33 39 42 60
1313,12/03/2011,13 19 24 46 50 60
1314,09/03/2011,04 17 36 37 51 56
1315,05/03/2011,04 18 26 36 41 53
1316,02/03/2011,05 07 08 09 11 39
1317,26/02/2011,10 14 22 41 42 53
1318,23/02/2011,19 23 29 31 41 53
1319,19/02/2011,04 06 39 46 54 58
1320,16/02/2011,11 26 47 55 57 59
1321,12/02/2011,02 15 26 27 30 52
1322,09/02/2011,26 33 35 38 43 53
1323,05/02/2011,05 23 38 39 51 54
1324,02/02/2011,07 09 14 18 29 39
1325,29/01/2011,02 17 23 43 44 51
1326,26/01/2011,02 14 35 39 49 51
1327,22/01/2011,05 27 34 46 48 52
1328,19/01/2011,01 02 24 40 51 59
1329,15/01/2011,03 08 36 40 51 53
1330,12/01/2011,20 33 34 57 58 60
1331,08/01/2011,03 09 11 24 36 51
1332,05/01/2011,10 37 40 43 57 59
1333,31/12/2010,02 10 34 37 43 50
1334,24/12/2010,02 08 15 25 34 45
1335,22/12/2010,09 19 23 29 32 57
1336,20/12/2010,11 34 45 48 51 54
1337,18/12/2010,10 13 25 26 28 45
1338,15/12/2010,08 09 12 22 42 49
1339,11/12/2010,01 15 37 39 48 52
1340,08/12/2010,13 14 24 39 40 45
1341,04/12/2010,05 18 21 26 39 59
1342,01/12/2010,03 08 17 20 38 53
1343,27/11/2010,10 16 20 26 49 55
1344,24/11/2010,03 05 19 24 30 35
1345,20/11/2010,22 29 32 49 54 59
1346,17/11/2010,08 11 12 15 18 22
1347,13/11/2010,05 20 23 27 39 49
1348,10/11/2010,09 12 19 22 35 37
1349,06/11/2010,12 30 32 40 49 60
1350,03/11/2010,10 23 36 50 52 60
1351,30/10/2010,04 28 30 31 35 54
1352,27/10/2010,10 31 40 50 55 56
1353,23/10/2010,31 32 34 40 50 55
1354,20/10/2010,19 21 27 41 53 57
1355,16/10/2010,15 17 35 42 47 48
1356,13/10/2010,05 08 19 26 48 57
1357,09/10/2010,05 14 37 43 46 58
1358,06/10/2010,05 15 43 48 52 55
1359,02/10/2010,02 33 34 37 41 53
1360,29/09/2010,10 23 29 31 33 46
1361,25/09/2010,05 11 15 28 43 50
1362,22/09/2010,04 07 13 25 27 58
1363,18/09/2010,10 25 30 47 50 51
1364,15/09/2010,05 29 30 36 41 48
1365,11/09/2010,03 11 26 34 45 53
1366,08/09/2010,02 23 33 35 40 50
1367,04/09/2010,03 15 31 36 48 54
1368,01/09/2010,03 07 09 10 31 34
1369,28/08/2010,05 14 17 30 35 38
1370,25/08/2010,01 12 20 26 45 54
1371,21/08/2010,09 11 22 32 35 56
1372,18/08/2010,02 06 11 36 37 48
1373,14/08/2010,04 13 14 26 29 35
1374,11/08/2010,05 10 25 39 43 52
1375,07/08/2010,07 09 30 33 38 55
1376,04/08/2010,08 09 11 48 53 60
1377,31/07/2010,28 32 36 49 55 60
1378,28/07/2010,03 10 11 39 54 56
1379,24/07/2010,16 19 23 28 39 58
1380,21/07/2010,22 29 36 41 48 58
1381,17/07/2010,36 37 39 49 54 60
1382,14/07/2010,03 06 19 20 58 60
1383,10/07/2010,17 20 26 27 55 57
1384,07/07/2010,06 13 24 41 50 53
1385,03/07/2010,02 09 12 14 32 54
1386,30/06/2010,17 20 49 52 57 59
1387,26/06/2010,03 11 16 22 25 33
1388,23/06/2010,10 11 19 37 53 56
1389,19/06/2010,14 21 27 31 35 50
1390,16/06/2010,09 20 44 52 59 60
1391,12/06/2010,08 17 19 40 43 49
1392,09/06/2010,07 08 12 13 15 41
1393,05/06/2010,02 10 21 35 43 54
1394,02/06/2010,04 09 23 27 28 30
1395,29/05/2010,05 10 12 20 29 37
1396,26/05/2010,02 04 29 52 56 60
1397,22/05/2010,18 20 26 31 44 45
1398,19/05/2010,12 30 34 44 57 60
1399,15/05/2010,05 22 28 47 59 60
1400,12/05/2010,01 22 30 45 50 53
1401,08/05/2010,33 38 47 50 52 55
1402,05/05/2010,11 14 21 30 33 49
1403,30/04/2010,02 03 12 16 37 47
1404,28/04/2010,06 07 39 47 51 52
1405,24/04/2010,05 07 24 25 36 47
1406,20/04/2010,06 12 28 43 52 56
1407,17/04/2010,03 10 13 30 41 57
1408,14/04/2010,11 13 27 34 46 49
1409,10/04/2010,01 11 14 23 42 48
1410,07/04/2010,04 05 20 47 53 56
1411,03/04/2010,20 28 43 51 52 56
1412,31/03/2010,22 28 30 31 35 54
1413,27/03/2010,20 40 42 52 54 60
1414,24/03/2010,06 14 17 26 40 49
1415,20/03/2010,05 17 31 47 51 53
1416,17/03/2010,18 22 25 30 31 41
1417,13/03/2010,04 07 42 47 48 51
1418,10/03/2010,01 03 05 18 40 48
1419,06/03/2010,05 06 34 46 53 55
1420,03/03/2010,23 30 31 54 55 60
1421,27/02/2010,09 29 41 43 46 49
1422,24/02/2010,09 24 31 44 48 49
1423,20/02/2010,20 28 40 41 51 58
1424,17/02/2010,04 12 14 21 26 28
1425,13/02/2010,06 17 19 34 46 55
1426,10/02/2010,14 20 29 36 44 47
1427,06/02/2010,01 04 14 21 25 51
1428,03/02/2010,15 17 28 31 35 52
1429,30/01/2010,07 08 23 36 46 54
1430,27/01/2010,27 28 29 32 48 55
1431,23/01/2010,06 23 31 33 39 52
1432,20/01/2010,06 10 28 33 34 53
1433,16/01/2010,03 16 19 24 33 60
1434,13/01/2010,01 10 18 19 44 49
1435,09/01/2010,03 30 35 44 47 60
1436,06/01/2010,03 15 26 28 31 58
1437,02/01/2010,09 37 40 50 58 60
1438,31/12/2009,10 27 40 46 49 58
1439,26/12/2009,09 28 31 36 37 42
1440,24/12/2009,02 04 15 18 25 36
1441,22/12/2009,19 21 25 28 43 50
1442,19/12/2009,07 31 32 34 37 43
1443,16/12/2009,04 05 06 19 23 39
1444,12/12/2009,09 22 29 36 51 56
1445,09/12/2009,05 10 16 21 39 58
1446,05/12/2009,12 27 30 33 52 55
1447,02/12/2009,01 08 16 34 36 49
1448,28/11/2009,05 18 23 32 49 54
1449,25/11/2009,12 17 19 32 47 55
1450,21/11/2009,08 16 24 39 52 60
1451,18/11/2009,05 08 14 24 29 30
1452,14/11/2009,04 31 42 52 57 59
1453,11/11/2009,03 07 29 33 42 56
1454,07/11/2009,07 11 16 18 33 49
1455,04/11/2009,04 14 19 39 45 60
1456,31/10/2009,26 44 46 49 55 56
1457,28/10/2009,04 17 18 54 56 59
1458,24/10/2009,07 35 40 44 50 55
1459,21/10/2009,10 34 41 44 45 54
1460,17/10/2009,08 20 21 43 44 55
1461,14/10/2009,01 06 17 27 35 40
1462,10/10/2009,04 09 13 17 20 47
1463,07/10/2009,18 30 37 41 44 50
1464,03/10/2009,03 15 16 22 25 54
1465,30/09/2009,03 06 29 36 47 59
1466,26/09/2009,04 32 34 43 52 58
1467,23/09/2009,04 09 25 32 33 43
1468,19/09/2009,06 14 26 28 42 45
1469,16/09/2009,06 08 11 14 29 52
1470,12/09/2009,07 09 39 43 44 60
1471,09/09/2009,03 09 20 36 53 54
1472,05/09/2009,04 15 43 47 50 60
1473,02/09/2009,01 15 28 43 50 57
1474,29/08/2009,02 03 06 35 49 58
1475,26/08/2009,10 19 28 41 55 56
1476,22/08/2009,09 11 23 35 46 51
1477,19/08/2009,06 07 10 12 24 57
1478,15/08/2009,07 17 18 33 41 42
1479,12/08/2009,14 31 35 38 44 55
1480,08/08/2009,11 20 21 30 50 52
1481,05/08/2009,01 17 21 33 48 56
1482,01/08/2009,03 13 14 16 41 52
1483,29/07/2009,10 16 21 23 27 36
1484,25/07/2009,09 10 21 36 41 48
1485,22/07/2009,19 23 27 38 41 49
1486,18/07/2009,01 09 30 33 34 40
1487,15/07/2009,17 23 24 27 49 56
1488,11/07/2009,09 20 24 36 40 42
1489,08/07/2009,02 18 20 32 37 48
1490,04/07/2009,06 24 31 35 42 57
1491,01/07/2009,03 20 28 32 36 46
1492,27/06/2009,02 04 06 10 23 45
1493,24/06/2009,12 21 39 40 50 55
1494,20/06/2009,05 20 29 33 40 59
1495,17/06/2009,10 20 23 28 42 43
1496,13/06/2009,04 17 38 40 50 55
1497,10/06/2009,09 16 24 29 52 56
1498,06/06/2009,11 18 20 34 41 56
1499,03/06/2009,05 12 24 28 36 37
1500,30/05/2009,03 06 34 41 43 45
1501,27/05/2009,05 06 09 11 18 37
1502,23/05/2009,04 10 19 32 33 42
1503,20/05/2009,10 12 16 21 39 53
1504,16/05/2009,03 10 23 29 47 50
1505,13/05/2009,08 25 32 34 36 44
1506,09/05/2009,09 18 19 43 47 54
1507,06/05/2009,05 07 37 43 53 54
1508,02/05/2009,05 08 16 23 41 53
1509,29/04/2009,09 17 28 45 49 53
1510,25/04/2009,25 27 44 47 48 57
1511,22/04/2009,04 10 14 25 28 56
1512,18/04/2009,06 10 25 32 43 49
1513,15/04/2009,07 19 30 39 43 57
1514,11/04/2009,04 16 19 28 29 49
1515,08/04/2009,01 22 44 47 49 50
1516,04/04/2009,02 08 23 33 37 55
1517,01/04/2009,09 21 23 30 41 56
1518,28/03/2009,01 03 16 18 41 42
1519,25/03/2009,01 12 14 16 37 45
1520,21/03/2009,18 20 24 45 51 57
1521,18/03/2009,02 03 04 15 49 59
1522,14/03/2009,06 08 38 50 53 59
1523,11/03/2009,12 15 16 20 27 32
1524,07/03/2009,13 14 18 27 41 60
1525,04/03/2009,15 27 34 42 49 53
1526,28/02/2009,08 11 15 16 52 57
1527,25/02/2009,07 10 11 13 43 57
1528,21/02/2009,14 24 26 33 45 60
1529,18/02/2009,02 05 17 29 34 52
1530,14/02/2009,03 16 21 28 38 57
1531,11/02/2009,01 02 08 10 14 48
1532,07/02/2009,28 40 42 54 55 57
1533,04/02/2009,01 05 06 17 31 50
1534,31/01/2009,10 11 13 35 39 58
1535,28/01/2009,14 21 25 48 51 60
1536,24/01/2009,13 18 25 30 46 51
1537,21/01/2009,10 12 36 44 54 57
1538,17/01/2009,01 06 28 39 44 55
1539,14/01/2009,02 20 24 27 36 52
1540,10/01/2009,06 07 28 35 43 51
1541,07/01/2009,04 36 44 46 53 56
1542,03/01/2009,10 27 36 39 41 52
1543,31/12/2008,01 11 26 51 59 60
1544,27/12/2008,01 03 18 20 42 49
1545,24/12/2008,05 06 17 33 39 54
1546,20/12/2008,15 16 26 29 43 57
1547,17/12/2008,24 33 40 43 46 49
1548,13/12/2008,01 08 23 37 54 57
1549,10/12/2008,05 16 17 20 24 32
1550,06/12/2008,20 26 34 51 52 54
1551,03/12/2008,18 20 33 44 47 60
1552,29/11/2008,06 10 17 33 51 53
1553,26/11/2008,10 27 28 29 40 52
1554,22/11/2008,18 22 28 29 39 53
1555,19/11/2008,02 07 08 18 40 45
1556,16/11/2008,05 21 31 39 40 56
1557,12/11/2008,02 33 42 43 51 55
1558,08/11/2008,01 02 19 32 39 52
1559,05/11/2008,04 13 23 29 46 47
1560,01/11/2008,09 24 44 51 55 58
1561,29/10/2008,06 19 31 34 51 56
1562,25/10/2008,05 09 11 20 25 60
1563,22/10/2008,03 08 17 26 28 49
1564,18/10/2008,08 09 25 41 57 60
1565,15/10/2008,07 09 12 19 20 41
1566,11/10/2008,14 19 40 47 55 58
1567,08/10/2008,02 11 21 30 35 52
1568,04/10/2008,02 03 13 37 46 54
1569,01/10/2008,01 06 12 29 34 58
1570,27/09/2008,07 13 15 34 42 48
1571,24/09/2008,04 27 36 37 49 52
1572,20/09/2008,02 04 17 33 48 55
1573,17/09/2008,04 06 12 37 41 42
1574,13/09/2008,29 40 43 44 45 47
1575,10/09/2008,05 10 16 23 26 27
1576,06/09/2008,03 07 25 31 40 58
1577,03/09/2008,12 15 27 37 51 60
1578,30/08/2008,29 38 39 49 53 58
1579,27/08/2008,18 24 36 44 55 58
1580,23/08/2008,03 04 21 22 28 32
1581,20/08/2008,09 17 18 32 53 55
1582,16/08/2008,07 15 20 21 23 29
1583,13/08/2008,04 16 31 36 54 55
1584,09/08/2008,03 20 29 40 44 58
1585,06/08/2008,05 24 25 26 42 60
1586,02/08/2008,01 04 06 08 25 28
1587,30/07/2008,08 09 15 38 41 60
1588,26/07/2008,02 10 15 18 29 39
1589,23/07/2008,02 21 27 29 32 38
1590,19/07/2008,08 17 46 48 56 60
1591,16/07/2008,13 27 31 34 47 58
1592,12/07/2008,06 15 19 24 31 32
1593,09/07/2008,04 16 18 46 56 59
1594,05/07/2008,04 10 20 43 46 47
1595,02/07/2008,16 22 32 38 40 45
1596,28/06/2008,08 12 24 40 43 49
1597,25/06/2008,01 08 34 41 53 58
1598,21/06/2008,15 17 29 35 36 59
1599,18/06/2008,03 15 28 31 39 51
1600,14/06/2008,12 16 18 27 42 58
1601,11/06/2008,03 05 07 09 17 32
1602,07/06/2008,14 23 25 28 38 53
1603,04/06/2008,09 30 33 37 40 41
1604,31/05/2008,12 16 20 31 38 45
1605,28/05/2008,01 08 30 36 47 53
1606,24/05/2008,15 18 31 33 34 56
1607,21/05/2008,04 11 14 33 44 45
1608,17/05/2008,05 21 28 34 54 57
1609,14/05/2008,13 25 35 41 50 56
1610,10/05/2008,01 04 13 30 51 60
1611,07/05/2008,05 13 14 18 30 57
1612,03/05/2008,01 04 26 28 41 58
1613,30/04/2008,05 30 36 39 57 58
1614,26/04/2008,08 13 20 26 33 42
1615,23/04/2008,15 17 37 48 50 59
1616,19/04/2008,02 11 40 48 49 55
1617,16/04/2008,02 04 16 21 36 53
1618,12/04/2008,06 18 19 33 34 53
1619,09/04/2008,03 05 11 33 39 57
1620,05/04/2008,07 13 22 33 48 51
1621,02/04/2008,24 25 32 34 50 57
1622,29/03/2008,46 47 51 54 57 59
1623,26/03/2008,05 12 21 32 33 35
1624,22/03/2008,05 08 18 24 33 57
1625,19/03/2008,01 16 39 42 48 55
1626,15/03/2008,02 11 18 27 30 54
1627,12/03/2008,14 24 34 39 49 55
1628,08/03/2008,23 41 42 48 49 59
1629,05/03/2008,01 23 41 44 51 52
1630,01/03/2008,22 41 44 46 52 54
1631,27/02/2008,03 05 11 14 33 58
1632,23/02/2008,01 05 12 47 52 59
1633,20/02/2008,04 08 27 44 54 59
1634,16/02/2008,16 37 43 52 58 59
1635,13/02/2008,03 12 23 41 47 58
1636,09/02/2008,05 08 18 42 52 59
1637,06/02/2008,10 11 15 27 53 60
1638,02/02/2008,05 25 31 33 37 51
1639,30/01/2008,06 19 23 37 49 50
1640,26/01/2008,15 27 35 50 57 59
1641,23/01/2008,02 21 22 30 41 52
1642,19/01/2008,05 14 22 29 33 44
1643,16/01/2008,07 13 18 29 31 45
1644,12/01/2008,01 03 21 25 44 48
1645,09/01/2008,08 14 25 39 45 51
1646,05/01/2008,02 17 21 36 42 53
1647,31/12/2007,07 17 19 34 36 39
1648,22/12/2007,20 28 37 46 49 55
1649,19/12/2007,16 27 35 39 49 57
1650,15/12/2007,04 10 32 33 49 60
1651,12/12/2007,19 23 26 31 33 36
1652,08/12/2007,21 33 34 40 41 59
1653,05/12/2007,08 22 36 37 46 52
1654,01/12/2007,02 20 21 27 51 60
1655,28/11/2007,02 15 39 50 53 57
1656,24/11/2007,12 13 19 41 45 49
1657,21/11/2007,01 09 35 41 48 57
1658,17/11/2007,05 17 24 52 55 57
1659,14/11/2007,03 25 31 41 43 60
1660,10/11/2007,04 08 12 38 44 52
1661,07/11/2007,23 25 30 46 47 59
1662,03/11/2007,05 28 33 36 37 38
1663,31/10/2007,17 20 26 28 48 49
1664,27/10/2007,09 12 23 33 45 51
1665,24/10/2007,14 30 36 38 46 59
1666,20/10/2007,04 19 21 26 29 54
1667,17/10/2007,01 06 28 29 46 49
1668,13/10/2007,03 15 27 29 36 53
1669,10/10/2007,17 22 26 28 38 42
1670,06/10/2007,01 09 19 25 50 52
1671,03/10/2007,09 36 37 41 51 53
1672,29/09/2007,07 14 24 29 35 39
1673,26/09/2007,02 04 15 16 55 57
1674,22/09/2007,32 44 48 51 53 59
1675,19/09/2007,05 17 20 32 41 55
1676,15/09/2007,18 23 50 52 55 58
1677,12/09/2007,13 16 32 33 34 56
1678,08/09/2007,04 18 21 34 38 59
1679,05/09/2007,18 20 36 53 54 58
1680,01/09/2007,03 04 08 30 45 54
1681,29/08/2007,07 21 22 43 46 57
1682,25/08/2007,05 11 22 31 35 41
1683,22/08/2007,02 41 43 55 57 58
1684,18/08/2007,20 24 28 37 41 44
1685,15/08/2007,03 18 26 51 53 56
1686,11/08/2007,01 19 42 44 49 52
1687,08/08/2007,15 16 19 22 34 35
1688,04/08/2007,07 09 17 21 22 54
1689,01/08/2007,20 24 34 39 54 60
1690,28/07/2007,24 40 50 52 54 60
1691,25/07/2007,01 12 21 32 34 44
1692,21/07/2007,17 33 37 50 55 59
1693,18/07/2007,04 13 31 33 47 51
1694,14/07/2007,02 11 12 14 22 39
1695,11/07/2007,21 32 37 52 53 60
1696,07/07/2007,17 41 42 44 45 60
1697,04/07/2007,04 18 24 43 51 56
1698,30/06/2007,25 30 37 46 49 51
1699,27/06/2007,10 28 29 35 42 46
1700,23/06/2007,11 12 37 38 43 54
1701,20/06/2007,13 15 20 28 31 36
1702,16/06/2007,04 08 12 41 45 60
1703,13/06/2007,18 20 24 36 53 58
1704,09/06/2007,10 20 42 44 52 59
1705,06/06/2007,04 19 30 34 57 59
1706,02/06/2007,05 18 31 43 55 58
1707,30/05/2007,01 05 10 17 47 58
1708,26/05/2007,08 21 34 40 43 52
1709,23/05/2007,27 29 42 49 50 51
1710,19/05/2007,21 22 25 40 51 57
1711,16/05/2007,10 19 26 28 44 54
1712,12/05/2007,05 27 36 40 46 48
1713,09/05/2007,23 26 27 41 51 53
1714,05/05/2007,08 11 31 33 42 57
1715,02/05/2007,15 24 32 50 53 57
1716,28/04/2007,02 08 11 12 19 35
1717,25/04/2007,39 40 42 47 59 60
1718,23/04/2007,02 08 17 22 42 44
1719,18/04/2007,09 12 34 46 47 57
1720,14/04/2007,04 18 23 31 37 54
1721,11/04/2007,02 03 17 49 50 59
1722,07/04/2007,11 15 40 41 42 47
1723,04/04/2007,03 24 31 42 43 53
1724,31/03/2007,03 17 24 25 27 44
1725,28/03/2007,30 38 46 51 56 59
1726,24/03/2007,06 14 23 34 38 44
1727,21/03/2007,03 16 19 32 35 58
1728,17/03/2007,07 22 25 44 59 60
1729,14/03/2007,08 09 39 44 49 58
1730,10/03/2007,17 27 32 34 47 56
1731,07/03/2007,14 15 27 42 44 48
1732,03/03/2007,02 03 44 47 50 54
1733,28/02/2007,14 19 20 40 48 52
1734,24/02/2007,16 24 34 44 54 57
1735,17/02/2007,01 16 34 36 45 48
1736,14/02/2007,07 09 30 44 51 60
1737,10/02/2007,07 22 32 36 38 51
1738,07/02/2007,17 29 31 35 43 59
1739,03/02/2007,07 08 11 18 37 43
1740,31/01/2007,09 23 30 38 44 47
1741,27/01/2007,05 06 16 24 34 60
1742,24/01/2007,17 22 28 38 52 59
1743,20/01/2007,18 31 33 49 57 58
1744,17/01/2007,10 16 17 34 44 51
1745,13/01/2007,13 16 46 53 57 58
1746,10/01/2007,15 17 23 33 39 49
1747,06/01/2007,03 32 33 42 48 50
1748,03/01/2007,02 13 41 49 51 53
1749,31/12/2006,10 14 32 47 50 56
1750,23/12/2006,23 28 38 42 50 53
1751,21/12/2006,18 24 30 42 51 56
1752,19/12/2006,06 07 08 27 45 53
1753,16/12/2006,10 21 28 40 41 47
1754,13/12/2006,06 07 09 20 33 48
1755,09/12/2006,01 15 26 51 54 59
1756,06/12/2006,04 10 17 27 41 52
1757,02/12/2006,04 29 33 36 38 42
1758,29/11/2006,10 17 21 32 45 46
1759,25/11/2006,05 19 25 46 51 58
1760,22/11/2006,08 09 22 25 41 44
1761,18/11/2006,10 29 30 34 43 52
1762,16/11/2006,20 21 30 40 47 52
1763,11/11/2006,09 19 37 39 50 57
1764,08/11/2006,02 08 11 41 46 50
1765,04/11/2006,09 15 23 45 46 56
1766,01/11/2006,11 13 38 39 54 57
1767,28/10/2006,10 28 32 41 47 57
1768,25/10/2006,01 04 05 33 37 48
1769,21/10/2006,05 11 15 23 25 30
1770,18/10/2006,02 15 21 31 46 57
1771,14/10/2006,02 08 27 32 49 56
1772,12/10/2006,18 26 35 41 47 60
1773,07/10/2006,02 30 36 43 48 60
1774,04/10/2006,03 13 37 47 56 59
1775,30/09/2006,03 05 10 21 28 57
1776,27/09/2006,06 14 18 24 48 60
1777,23/09/2006,11 19 20 22 42 48
1778,20/09/2006,01 07 11 37 38 56
1779,16/09/2006,19 29 35 42 55 57
1780,13/09/2006,03 04 09 29 32 52
1781,09/09/2006,06 12 47 48 52 58
1782,06/09/2006,05 19 24 34 39 43
1783,02/09/2006,14 21 26 29 36 48
1784,30/08/2006,03 38 42 47 55 56
1785,26/08/2006,03 15 16 33 51 57
1786,23/08/2006,09 29 34 43 45 56
1787,19/08/2006,09 14 19 35 42 58
1788,16/08/2006,02 06 19 22 28 43
1789,12/08/2006,06 31 38 39 50 60
1790,09/08/2006,17 19 29 31 44 57
1791,05/08/2006,20 31 34 37 54 60
1792,02/08/2006,10 11 26 27 31 41
1793,29/07/2006,05 08 17 35 37 48
1794,26/07/2006,08 27 37 42 53 56
1795,22/07/2006,04 08 21 32 43 48
1796,19/07/2006,02 11 23 35 42 59
1797,15/07/2006,08 10 13 39 54 56
1798,12/07/2006,07 10 28 50 51 59
1799,08/07/2006,25 26 29 36 52 54
1800,05/07/2006,20 31 36 37 45 51
1801,01/07/2006,02 14 23 28 50 56
1802,28/06/2006,03 15 35 41 57 60
1803,24/06/2006,12 27 42 46 47 50
1804,21/06/2006,05 10 37 46 54 58
1805,17/06/2006,03 05 14 29 34 51
1806,14/06/2006,10 35 38 51 52 60
1807,10/06/2006,14 21 29 34 46 47
1808,07/06/2006,04 12 25 34 35 48
1809,03/06/2006,12 16 20 21 29 50
1810,31/05/2006,04 08 30 33 37 59
1811,27/05/2006,15 22 32 38 50 54
1812,24/05/2006,01 19 24 42 50 58
1813,21/05/2006,03 10 16 30 37 50
1814,18/05/2006,03 07 45 47 53 55
1815,13/05/2006,01 09 26 40 47 48
1816,10/05/2006,09 12 21 37 39 54
1817,06/05/2006,13 17 27 29 40 56
1818,03/05/2006,12 17 44 45 46 60
1819,29/04/2006,30 31 39 45 48 59
1820,26/04/2006,01 23 36 43 47 59
1821,22/04/2006,12 17 18 30 32 58
1822,19/04/2006,05 27 37 38 41 50
1823,15/04/2006,04 12 30 47 49 59
1824,12/04/2006,03 04 13 34 42 50
1825,08/04/2006,02 07 22 35 43 59
1826,05/04/2006,04 23 24 25 29 42
1827,01/04/2006,04 07 20 25 38 50
1828,29/03/2006,10 17 33 42 54 58
1829,25/03/2006,04 24 47 48 50 57
1830,22/03/2006,01 02 07 19 35 51
1831,18/03/2006,02 03 12 21 23 56
1832,15/03/2006,01 10 12 25 49 57
1833,11/03/2006,02 16 21 37 43 57
1834,08/03/2006,04 12 23 26 39 46
1835,04/03/2006,20 23 25 32 54 60
1836,01/03/2006,02 07 17 34 41 50
1837,25/02/2006,24 26 27 36 39 59
1838,22/02/2006,12 16 28 29 47 50
1839,18/02/2006,06 10 35 45 49 56
1840,15/02/2006,14 15 26 30 42 54
1841,11/02/2006,11 12 24 32 33 38
1842,08/02/2006,01 21 38 41 49 56
1843,04/02/2006,09 15 38 40 42 52
1844,01/02/2006,27 29 43 44 45 54
1845,28/01/2006,02 12 26 31 43 46
1846,25/01/2006,06 17 19 49 50 53
1847,21/01/2006,06 15 16 23 28 35
1848,18/01/2006,02 15 16 45 50 54
1849,14/01/2006,05 18 33 43 56 57
1850,11/01/2006,08 13 24 32 42 44
1851,07/01/2006,04 12 14 30 42 59
1852,04/01/2006,01 05 07 37 40 47
1853,31/12/2005,03 09 35 37 41 49
1854,21/12/2005,17 27 34 48 51 55
1855,17/12/2005,01 06 16 36 50 52
1856,14/12/2005,09 18 36 44 57 60
1857,10/12/2005,03 14 23 25 36 55
1858,07/12/2005,12 31 44 51 54 56
1859,03/12/2005,03 32 37 39 47 53
1860,30/11/2005,07 21 33 35 39 58
1861,26/11/2005,06 17 23 28 35 41
1862,23/11/2005,02 07 16 29 32 50
1863,19/11/2005,04 12 24 33 36 54
1864,16/11/2005,07 08 17 35 39 53
1865,12/11/2005,01 12 16 26 46 54
1866,09/11/2005,07 08 35 43 53 58
1867,05/11/2005,05 10 33 40 41 59
1868,29/10/2005,05 25 34 39 46 49
1869,26/10/2005,04 06 09 22 29 44
1870,22/10/2005,07 09 13 39 45 47
1871,19/10/2005,01 08 10 36 43 51
1872,15/10/2005,02 07 10 17 22 60
1873,08/10/2005,03 11 13 15 26 43
1874,05/10/2005,02 04 18 27 34 50
1875,01/10/2005,02 11 24 27 30 45
1876,28/09/2005,01 18 45 56 57 58
1877,24/09/2005,01 13 23 31 48 60
1878,21/09/2005,02 03 14 24 31 40
1879,19/09/2005,17 23 48 50 53 54
1880,14/09/2005,08 12 22 27 43 55
1881,10/09/2005,28 31 32 35 51 53
1882,03/09/2005,09 16 34 37 53 57
1883,31/08/2005,06 11 13 21 40 52
1884,27/08/2005,15 19 29 37 41 53
1885,24/08/2005,13 14 17 31 41 50
1886,20/08/2005,11 18 33 57 58 60
1887,17/08/2005,08 16 37 50 55 58
1888,13/08/2005,08 12 15 41 47 53
1889,10/08/2005,06 07 31 49 51 60
1890,06/08/2005,11 21 30 35 47 52
1891,03/08/2005,01 07 14 41 48 59
1892,30/07/2005,04 05 15 26 33 54
1893,27/07/2005,05 12 27 33 43 56
1894,23/07/2005,17 19 33 37 40 50
1895,20/07/2005,02 11 12 35 40 43
1896,16/07/2005,04 27 36 37 47 60
1897,13/07/2005,21 25 38 53 58 59
1898,09/07/2005,02 03 05 22 26 44
1899,06/07/2005,03 21 25 37 54 58
1900,02/07/2005,14 31 40 42 44 46
1901,29/06/2005,08 10 25 32 48 55
1902,25/06/2005,09 15 32 41 42 49
1903,22/06/2005,24 25 30 42 43 50
1904,18/06/2005,18 22 29 32 38 42
1905,15/06/2005,06 11 20 34 37 40
1906,11/06/2005,24 28 34 38 43 53
1907,08/06/2005,09 16 27 38 39 51
1908,04/06/2005,22 37 42 48 58 59
1909,01/06/2005,07 24 27 40 41 49
1910,28/05/2005,01 02 14 33 49 56
1911,25/05/2005,01 04 05 16 23 49
1912,21/05/2005,07 16 26 29 45 55
1913,18/05/2005,07 08 18 25 47 48
1914,14/05/2005,01 12 36 38 55 59
1915,11/05/2005,01 27 30 49 51 55
1916,07/05/2005,04 18 23 25 56 60
1917,04/05/2005,04 27 36 40 42 55
1918,30/04/2005,05 11 38 46 53 54
1919,27/04/2005,14 29 34 40 51 52
1920,23/04/2005,03 06 11 20 36 41
1921,20/04/2005,16 20 33 58 59 60
1922,16/04/2005,35 36 37 46 51 59
1923,13/04/2005,01 26 37 39 43 48
1924,09/04/2005,06 10 11 40 41 56
1925,06/04/2005,05 09 19 24 31 34
1926,02/04/2005,10 18 20 24 56 57
1927,30/03/2005,26 28 39 45 48 60
1928,26/03/2005,10 24 25 29 53 59
1929,23/03/2005,09 24 33 41 48 54
1930,19/03/2005,05 23 29 42 45 48
1931,16/03/2005,11 12 14 19 54 56
1932,12/03/2005,10 13 32 47 49 60
1933,09/03/2005,03 24 48 52 53 54
1934,05/03/2005,14 27 29 31 34 57
1935,02/03/2005,14 24 37 40 42 45
1936,26/02/2005,17 36 40 44 51 56
1937,23/02/2005,01 09 13 17 33 34
1938,19/02/2005,12 19 42 46 59 60
1939,16/02/2005,13 35 39 45 51 60
1940,12/02/2005,10 11 36 41 42 50
1941,05/02/2005,11 18 43 48 52 58
1942,02/02/2005,26 28 30 32 34 50
1943,29/01/2005,08 20 26 37 42 49
1944,26/01/2005,10 13 24 41 42 56
1945,22/01/2005,05 11 22 27 46 50
1946,19/01/2005,02 19 28 48 51 54
1947,15/01/2005,01 20 28 32 44 47
1948,12/01/2005,12 16 20 45 53 60
1949,08/01/2005,15 16 39 40 47 51
1950,05/01/2005,08 16 22 30 56 58
1951,29/12/2004,01 13 19 45 56 58
1952,22/12/2004,07 08 18 22 39 49
1953,18/12/2004,12 24 32 40 42 59
1954,15/12/2004,08 23 34 39 43 52
1955,11/12/2004,09 23 30 42 49 55
1956,08/12/2004,19 27 29 38 50 59
1957,04/12/2004,26 29 31 49 50 57
1958,01/12/2004,01 03 13 22 29 32
1959,27/11/2004,08 12 14 16 19 46
1960,24/11/2004,03 08 10 13 24 60
1961,20/11/2004,03 05 25 33 36 49
1962,17/11/2004,02 12 16 24 26 54
1963,13/11/2004,05 08 10 27 31 51
1964,10/11/2004,12 16 31 48 57 60
1965,06/11/2004,06 13 19 44 54 55
1966,03/11/2004,15 18 33 50 53 55
1967,30/10/2004,16 21 22 33 48 49
1968,27/10/2004,25 30 43 45 47 49
1969,23/10/2004,02 06 15 58 59 60
1970,20/10/2004,06 13 19 24 30 37
1971,16/10/2004,06 11 19 27 41 59
1972,13/10/2004,06 23 32 35 41 55
1973,09/10/2004,04 24 44 49 52 53
1974,06/10/2004,15 25 41 46 49 51
1975,02/10/2004,04 08 11 12 29 44
1976,29/09/2004,07 13 38 46 55 60
1977,25/09/2004,10 19 22 29 30 37
1978,22/09/2004,16 18 31 34 39 54
1979,18/09/2004,04 06 09 23 45 51
1980,15/09/2004,05 16 34 38 50 53
1981,11/09/2004,22 27 29 40 42 56
1982,08/09/2004,11 14 28 43 54 60
1983,04/09/2004,01 02 25 43 50 54
1984,01/09/2004,10 13 29 47 53 55
1985,28/08/2004,01 25 27 29 49 59
1986,25/08/2004,13 14 42 47 55 59
1987,21/08/2004,01 03 18 34 50 58
1988,18/08/2004,04 05 18 25 28 51
1989,14/08/2004,06 07 08 13 33 59
1990,11/08/2004,11 13 45 46 53 55
1991,07/08/2004,02 18 29 30 36 60
1992,04/08/2004,11 13 38 39 45 54
1993,31/07/2004,12 24 33 36 39 57
1994,28/07/2004,07 08 23 30 32 53
1995,24/07/2004,06 07 20 41 43 55
1996,21/07/2004,13 29 40 45 51 59
1997,17/07/2004,14 17 25 30 39 52
1998,14/07/2004,15 16 18 28 38 47
1999,10/07/2004,04 09 15 17 34 39
2000,07/07/2004,03 18 23 48 56 58
2001,03/07/2004,08 23 24 28 31 47
2002,30/06/2004,07 08 18 39 43 52
2003,26/06/2004,05 18 21 29 35 48
2004,23/06/2004,02 10 17 23 32 44
2005,19/06/2004,06 17 22 29 40 59
2006,16/06/2004,03 09 16 20 33 60
2007,12/06/2004,12 13 14 31 50 51
2008,09/06/2004,15 32 33 35 36 51
2009,05/06/2004,03 09 14 15 32 57
2010,02/06/2004,13 17 22 25 29 41
2011,29/05/2004,11 31 38 41 57 58
2012,26/05/2004,06 13 17 18 20 37
2013,22/05/2004,07 31 34 35 37 45
2014,19/05/2004,10 13 20 32 38 49
2015,15/05/2004,05 08 23 34 44 51
2016,12/05/2004,16 23 35 37 55 57
2017,08/05/2004,01 20 36 39 49 55
2018,05/05/2004,02 11 18 30 32 58
2019,01/05/2004,06 13 17 25 36 53
2020,28/04/2004,07 14 31 57 58 59
2021,24/04/2004,08 12 18 23 38 49
2022,21/04/2004,08 10 17 30 33 45
2023,17/04/2004,05 23 31 33 45 49
2024,14/04/2004,15 29 31 42 47 60
2025,10/04/2004,04 43 46 53 54 58
2026,07/04/2004,09 22 47 49 52 54
2027,03/04/2004,12 21 46 48 56 57
2028,31/03/2004,16 17 38 39 45 56
2029,27/03/2004,08 13 22 46 51 58
2030,24/03/2004,14 47 49 51 58 59
2031,20/03/2004,04 13 28 30 53 59
2032,17/03/2004,04 05 13 17 46 54
2033,13/03/2004,17 29 35 40 43 57
2034,10/03/2004,11 17 33 34 47 56
2035,06/03/2004,35 37 42 46 49 54
2036,03/03/2004,04 06 19 28 35 49
2037,28/02/2004,13 27 49 52 57 58
2038,21/02/2004,04 22 28 30 44 49
2039,18/02/2004,06 16 19 47 50 55
2040,14/02/2004,03 25 43 45 52 56
2041,11/02/2004,03 07 19 34 37 39
2042,07/02/2004,14 15 22 23 25 37
2043,04/02/2004,06 14 28 47 49 56
2044,31/01/2004,03 08 23 31 48 57
2045,28/01/2004,13 18 21 27 53 59
2046,24/01/2004,04 09 12 13 52 53
2047,21/01/2004,01 03 07 18 35 50
2048,17/01/2004,01 06 21 25 32 49
2049,14/01/2004,01 13 33 38 45 56
2050,10/01/2004,08 12 28 31 34 37
2051,07/01/2004,06 14 17 26 50 52
2052,03/01/2004,03 21 31 36 55 59
2053,27/12/2003,08 10 24 26 32 49
2054,20/12/2003,19 29 34 41 47 48
2055,17/12/2003,28 39 40 44 45 58
2056,13/12/2003,06 14 15 25 49 52
2057,10/12/2003,15 25 28 32 38 45
2058,06/12/2003,09 12 17 32 34 35
2059,03/12/2003,09 15 19 22 36 42
2060,29/11/2003,05 08 10 15 18 44
2061,26/11/2003,07 08 28 32 38 51
2062,22/11/2003,05 13 24 33 34 35
2063,19/11/2003,15 16 39 45 48 57
2064,15/11/2003,15 36 40 42 51 52
2065,12/11/2003,10 19 27 33 39 46
2066,08/11/2003,04 08 31 40 53 58
2067,05/11/2003,03 04 08 34 36 37
2068,01/11/2003,01 04 30 41 45 58
2069,29/10/2003,28 32 33 34 35 55
2070,25/10/2003,05 10 15 45 46 56
2071,22/10/2003,03 05 27 33 44 58
2072,18/10/2003,04 15 31 34 37 38
2073,15/10/2003,03 20 28 46 47 52
2074,11/10/2003,08 11 19 30 39 50
2075,08/10/2003,07 10 21 27 48 49
2076,04/10/2003,07 13 21 24 33 50
2077,01/10/2003,16 27 28 34 39 56
2078,27/09/2003,21 29 35 36 38 54
2079,20/09/2003,01 04 05 11 44 59
2080,17/09/2003,02 06 28 49 50 57
2081,13/09/2003,09 13 20 32 41 58
2082,10/09/2003,10 19 20 29 41 59
2083,06/09/2003,08 15 29 36 49 60
2084,03/09/2003,18 20 28 32 49 53
2085,30/08/2003,03 18 20 24 42 54
2086,27/08/2003,02 06 15 18 56 57
2087,23/08/2003,01 09 15 22 43 55
2088,20/08/2003,05 11 23 29 54 58
2089,16/08/2003,17 28 33 36 53 59
2090,13/08/2003,15 30 35 39 43 57
2091,09/08/2003,08 22 25 48 52 54
2092,06/08/2003,08 14 19 30 42 50
2093,02/08/2003,19 28 30 38 52 57
2094,30/07/2003,17 18 19 38 49 53
2095,26/07/2003,16 18 23 35 44 59
2096,23/07/2003,12 13 33 53 54 56
2097,19/07/2003,06 13 22 24 42 44
2098,16/07/2003,14 33 36 38 41 49
2099,12/07/2003,20 26 41 46 54 58
2100,09/07/2003,03 08 21 25 30 31
2101,05/07/2003,06 08 18 34 38 47
2102,02/07/2003,17 20 38 43 55 58
2103,28/06/2003,06 08 19 22 43 52
2104,25/06/2003,03 12 32 34 40 50
2105,21/06/2003,07 23 41 49 51 58
2106,18/06/2003,03 04 12 29 38 51
2107,14/06/2003,05 31 32 36 51 59
2108,11/06/2003,08 11 23 37 51 58
2109,07/06/2003,13 21 26 29 42 47
2110,04/06/2003,05 06 23 25 39 51
2111,31/05/2003,08 18 21 22 38 60
2112,28/05/2003,11 16 28 29 30 45
2113,24/05/2003,01 22 31 46 51 57
2114,21/05/2003,06 24 33 38 45 50
2115,17/05/2003,02 03 07 18 45 53
2116,14/05/2003,17 19 22 26 27 48
2117,10/05/2003,15 17 20 29 30 60
2118,07/05/2003,19 23 30 37 49 55
2119,03/05/2003,08 15 17 39 43 49
2120,30/04/2003,13 24 32 34 43 53
2121,26/04/2003,15 17 24 27 32 48
2122,23/04/2003,03 17 22 27 33 40
2123,19/04/2003,02 14 15 17 50 59
2124,16/04/2003,04 17 24 42 46 56
2125,12/04/2003,08 20 23 34 52 58
2126,09/04/2003,11 16 30 36 51 54
2127,05/04/2003,17 18 23 28 31 53
2128,02/04/2003,01 09 13 50 51 59
2129,29/03/2003,01 08 24 34 49 56
2130,26/03/2003,03 05 09 45 51 52
2131,22/03/2003,15 24 25 33 42 55
2132,19/03/2003,08 11 12 17 20 47
2133,15/03/2003,07 20 31 32 50 53
2134,12/03/2003,03 24 33 48 52 57
2135,08/03/2003,11 17 26 36 48 52
2136,01/03/2003,06 15 23 31 37 59
2137,26/02/2003,02 10 15 21 58 59
2138,22/02/2003,03 05 23 30 46 47
2139,19/02/2003,13 20 29 42 43 57
2140,15/02/2003,03 05 11 14 38 48
2141,12/02/2003,07 10 30 44 54 59
2142,08/02/2003,01 06 07 29 48 57
2143,05/02/2003,10 11 17 31 37 43
2144,01/02/2003,04 10 17 24 30 54
2145,29/01/2003,16 17 28 30 36 54
2146,25/01/2003,04 13 17 27 39 50
2147,22/01/2003,26 37 40 47 52 58
2148,18/01/2003,08 10 21 25 38 50
2149,15/01/2003,17 26 32 36 43 55
2150,11/01/2003,08 28 30 32 46 60
2151,08/01/2003,03 13 14 24 43 51
2152,04/01/2003,07 30 32 37 50 54
2153,28/12/2002,06 10 16 34 42 47
2154,21/12/2002,18 27 29 36 46 59
2155,18/12/2002,08 22 32 33 40 53
2156,14/12/2002,12 37 43 55 56 60
2157,11/12/2002,05 35 37 38 45 51
2158,07/12/2002,12 29 30 43 57 59
2159,04/12/2002,09 16 41 42 52 53
2160,30/11/2002,08 15 32 45 49 52
2161,27/11/2002,07 12 21 25 34 42
2162,23/11/2002,01 13 23 33 54 56
2163,20/11/2002,01 04 27 38 42 44
2164,16/11/2002,16 26 35 45 52 58
2165,13/11/2002,02 04 29 33 35 53
2166,09/11/2002,05 12 14 21 45 59
2167,06/11/2002,10 12 31 38 45 56
2168,02/11/2002,08 24 31 36 38 55
2169,30/10/2002,18 25 26 31 34 49
2170,26/10/2002,14 28 33 44 49 56
2171,23/10/2002,02 18 22 49 51 57
2172,19/10/2002,02 12 32 38 47 48
2173,16/10/2002,24 29 34 47 57 60
2174,12/10/2002,01 24 28 38 40 58
2175,09/10/2002,07 16 27 31 46 60
2176,05/10/2002,05 16 27 43 56 58
2177,02/10/2002,11 18 43 44 50 53
2178,28/09/2002,10 13 28 29 54 59
2179,25/09/2002,11 16 27 47 55 59
2180,21/09/2002,07 16 22 28 36 37
2181,18/09/2002,01 02 05 24 32 46
2182,14/09/2002,06 18 34 42 45 47
2183,11/09/2002,10 11 14 20 31 58
2184,07/09/2002,05 15 35 42 45 49
2185,04/09/2002,06 12 35 36 40 50
2186,31/08/2002,15 23 31 39 47 49
2187,28/08/2002,04 07 15 16 35 40
2188,24/08/2002,07 12 22 34 38 53
2189,21/08/2002,05 14 18 43 46 54
2190,17/08/2002,23 36 48 52 53 58
2191,14/08/2002,22 28 29 43 47 48
2192,10/08/2002,17 35 36 39 43 54
2193,07/08/2002,05 12 16 18 22 24
2194,03/08/2002,24 28 40 47 50 52
2195,31/07/2002,14 22 48 50 53 56
2196,27/07/2002,31 34 37 38 53 54
2197,24/07/2002,09 10 28 46 55 56
2198,20/07/2002,13 22 30 31 47 57
2199,17/07/2002,24 33 40 41 55 59
2200,13/07/2002,05 38 41 45 48 55
2201,10/07/2002,03 12 19 27 45 46
2202,06/07/2002,10 13 25 35 43 48
2203,03/07/2002,01 05 09 42 51 58
2204,29/06/2002,02 05 16 26 44 54
2205,26/06/2002,01 05 10 24 31 33
2206,22/06/2002,16 17 24 39 46 57
2207,19/06/2002,04 18 23 33 39 60
2208,15/06/2002,01 04 40 42 51 54
2209,12/06/2002,01 14 21 35 42 60
2210,08/06/2002,13 29 32 38 44 50
2211,05/06/2002,10 12 27 33 49 52
2212,01/06/2002,04 06 07 15 21 51
2213,29/05/2002,19 23 34 37 52 58
2214,25/05/2002,05 29 44 51 57 59
2215,22/05/2002,19 29 39 47 49 54
2216,18/05/2002,07 20 33 37 46 56
2217,15/05/2002,16 28 31 41 45 59
2218,11/05/2002,23 24 29 47 53 55
2219,08/05/2002,13 19 20 29 31 54
2220,04/05/2002,12 17 21 32 40 42
2221,27/04/2002,02 30 32 35 45 53
2222,24/04/2002,05 19 21 54 56 58
2223,20/04/2002,02 14 22 23 37 60
2224,17/04/2002,07 16 38 40 41 52
2225,13/04/2002,19 23 30 46 55 60
2226,10/04/2002,07 20 25 44 47 49
2227,06/04/2002,15 16 24 41 59 60
2228,03/04/2002,10 15 23 30 43 57
2229,30/03/2002,08 09 28 32 38 54
2230,27/03/2002,19 30 33 39 40 52
2231,23/03/2002,01 10 12 26 48 52
2232,20/03/2002,07 12 41 46 56 60
2233,16/03/2002,11 22 46 51 56 58
2234,13/03/2002,10 12 14 33 35 36
2235,09/03/2002,04 06 07 12 24 41
2236,06/03/2002,16 29 34 49 51 54
2237,02/03/2002,05 16 22 23 43 56
2238,27/02/2002,09 10 12 33 42 60
2239,23/02/2002,05 12 13 16 27 50
2240,20/02/2002,01 04 09 36 46 48
2241,16/02/2002,04 14 16 31 52 54
2242,09/02/2002,02 18 22 26 30 54
2243,06/02/2002,07 23 33 43 57 59
2244,02/02/2002,14 23 24 26 41 51
2245,30/01/2002,04 27 35 44 52 53
2246,26/01/2002,23 28 29 34 42 44
2247,23/01/2002,01 13 20 27 35 37
2248,19/01/2002,02 04 14 23 37 51
2249,16/01/2002,10 11 12 24 35 40
2250,12/01/2002,05 07 14 21 23 51
2251,09/01/2002,29 32 33 38 46 48
2252,05/01/2002,21 23 40 44 51 52
2253,29/12/2001,01 03 04 21 23 53
2254,22/12/2001,08 15 22 25 30 47
2255,19/12/2001,26 31 33 40 49 54
2256,15/12/2001,11 18 29 44 47 56
2257,12/12/2001,04 11 31 32 48 49
2258,08/12/2001,20 22 27 47 50 53
2259,05/12/2001,12 16 17 19 23 48
2260,01/12/2001,03 19 20 31 40 53
2261,28/11/2001,16 20 27 30 35 48
2262,24/11/2001,06 24 28 43 51 56
2263,21/11/2001,12 21 22 28 43 50
2264,17/11/2001,05 32 34 37 40 58
2265,14/11/2001,14 16 24 37 38 53
2266,10/11/2001,14 23 30 41 47 50
2267,07/11/2001,22 24 30 32 38 41
2268,03/11/2001,02 14 28 29 31 32
2269,31/10/2001,04 11 25 39 50 55
2270,27/10/2001,04 11 25 29 39 55
2271,24/10/2001,13 16 17 26 41 44
2272,20/10/2001,19 30 41 47 56 57
2273,17/10/2001,05 11 27 38 53 60
2274,13/10/2001,07 11 34 41 42 59
2275,10/10/2001,07 13 17 30 37 47
2276,06/10/2001,12 25 30 40 41 60
2277,03/10/2001,09 26 48 49 57 58
2278,29/09/2001,24 27 28 38 41 57
2279,26/09/2001,02 05 07 33 49 53
2280,22/09/2001,05 22 23 24 34 60
2281,19/09/2001,01 20 28 33 36 41
2282,15/09/2001,03 20 42 46 51 52
2283,12/09/2001,07 12 24 31 44 50
2284,08/09/2001,22 25 28 41 45 57
2285,05/09/2001,05 06 07 12 28 35
2286,01/09/2001,13 23 24 34 45 53
2287,29/08/2001,05 16 17 18 22 41
2288,25/08/2001,07 25 26 30 40 57
2289,22/08/2001,06 07 20 25 30 36
2290,18/08/2001,06 09 11 17 18 50
2291,15/08/2001,03 13 25 33 47 60
2292,11/08/2001,29 35 37 44 47 56
2293,08/08/2001,12 32 37 41 50 56
2294,04/08/2001,07 08 14 30 32 36
2295,01/08/2001,25 28 34 42 48 54
2296,28/07/2001,09 14 23 24 33 36
2297,21/07/2001,05 11 31 38 47 53
2298,14/07/2001,05 16 20 25 30 58
2299,07/07/2001,04 23 31 47 58 59
2300,30/06/2001,10 15 18 22 31 55
2301,23/06/2001,04 26 38 40 52 56
2302,16/06/2001,22 39 45 53 57 59
2303,09/06/2001,16 19 30 37 38 48
2304,02/06/2001,11 13 18 26 39 47
2305,26/05/2001,10 17 23 27 47 52
2306,19/05/2001,09 10 24 36 56 58
2307,12/05/2001,14 24 26 29 31 54
2308,05/05/2001,05 09 27 35 40 45
2309,28/04/2001,17 18 19 25 49 52
2310,21/04/2001,05 06 10 21 33 47
2311,14/04/2001,01 08 45 46 55 58
2312,07/04/2001,02 23 38 46 48 54
2313,31/03/2001,07 16 34 41 50 53
2314,24/03/2001,01 05 13 25 31 33
2315,17/03/2001,08 09 26 43 50 53
2316,10/03/2001,11 20 48 53 58 60
2317,03/03/2001,05 16 20 30 54 56
2318,24/02/2001,04 06 33 43 59 60
2319,17/02/2001,13 15 20 33 43 58
2320,10/02/2001,07 12 50 54 55 60
2321,03/02/2001,01 04 05 19 28 34
2322,27/01/2001,02 21 26 32 34 52
2323,20/01/2001,16 19 20 32 44 55
2324,13/01/2001,01 04 21 22 30 56
2325,06/01/2001,11 12 24 37 44 56
2326,30/12/2000,04 17 26 32 51 54
2327,23/12/2000,15 23 30 34 49 55
2328,16/12/2000,07 25 41 42 43 55
2329,09/12/2000,21 36 40 49 54 55
2330,02/12/2000,16 32 34 35 41 56
2331,25/11/2000,03 10 23 30 34 46
2332,18/11/2000,02 16 32 37 43 57
2333,11/11/2000,08 27 44 51 53 60
2334,04/11/2000,19 24 33 47 50 60
2335,28/10/2000,11 16 20 23 32 47
2336,21/10/2000,04 07 21 22 28 56
2337,14/10/2000,11 31 35 40 56 57
2338,07/10/2000,25 28 38 41 57 59
2339,30/09/2000,06 21 33 44 46 47
2340,23/09/2000,09 13 15 37 41 42
2341,16/09/2000,07 31 36 45 56 57
2342,09/09/2000,10 25 50 52 57 60
2343,02/09/2000,02 22 29 31 41 55
2344,26/08/2000,15 25 41 42 45 54
2345,19/08/2000,03 07 24 32 36 45
2346,12/08/2000,19 22 29 37 41 59
2347,05/08/2000,16 27 36 42 44 59
2348,29/07/2000,08 40 41 44 53 56
2349,22/07/2000,11 13 21 33 39 45
2350,15/07/2000,13 16 40 43 45 59
2351,08/07/2000,11 26 27 37 42 48
2352,01/07/2000,01 02 38 49 50 59
2353,24/06/2000,02 04 16 21 37 58
2354,17/06/2000,07 16 18 20 21 44
2355,10/06/2000,02 06 22 24 28 58
2356,03/06/2000,05 19 30 48 52 55
2357,27/05/2000,13 27 43 50 54 58
2358,20/05/2000,13 14 36 53 55 60
2359,13/05/2000,23 26 28 36 42 49
2360,06/05/2000,12 17 40 42 47 54
2361,29/04/2000,03 27 32 45 49 51
2362,22/04/2000,14 18 30 35 42 59
2363,15/04/2000,07 28 37 46 53 58
2364,08/04/2000,06 12 30 31 35 50
2365,01/04/2000,03 09 23 30 32 35
2366,25/03/2000,06 15 29 45 57 59
2367,18/03/2000,10 20 33 40 45 50
2368,11/03/2000,20 32 37 38 48 58
2369,04/03/2000,13 21 26 32 41 52
2370,26/02/2000,15 23 24 25 47 57
2371,19/02/2000,03 07 19 24 53 55
2372,12/02/2000,18 20 26 34 51 56
2373,05/02/2000,26 32 40 43 46 54
2374,29/01/2000,29 31 39 41 51 58
2375,22/01/2000,11 19 29 44 47 55
2376,15/01/2000,12 24 44 45 49 53
2377,08/01/2000,05 20 22 30 35 55
2378,31/12/1999,12 15 19 34 44 51
2379,24/12/1999,10 16 37 50 52 57
2380,18/12/1999,01 08 18 23 35 40
2381,11/12/1999,05 12 15 19 29 52
2382,04/12/1999,07 09 14 17 24 32
2383,27/11/1999,03 09 17 32 37 44
2384,20/11/1999,25 28 32 33 42 43
2385,13/11/1999,04 11 12 19 43 49
2386,06/11/1999,01 26 28 41 54 60
2387,31/10/1999,01 03 05 23 41 58
2388,24/10/1999,05 10 21 32 40 42
2389,16/10/1999,04 15 31 38 41 53
2390,10/10/1999,17 27 34 42 43 46
2391,02/10/1999,06 36 41 44 48 58
2392,25/09/1999,14 23 24 25 26 51
2393,18/09/1999,17 22 43 46 55 59
2394,11/09/1999,09 16 21 34 41 60
2395,04/09/1999,02 07 11 16 40 44
2396,28/08/1999,03 05 10 28 46 60
2397,21/08/1999,01 27 33 35 51 55
2398,14/08/1999,06 23 29 39 51 60
2399,07/08/1999,05 06 23 26 27 53
2400,31/07/1999,05 15 19 26 27 33
2401,24/07/1999,22 35 38 39 41 59
2402,17/07/1999,01 03 04 28 45 53
2403,10/07/1999,01 10 13 20 42 50
2404,03/07/1999,11 22 23 36 52 59
2405,26/06/1999,17 28 29 42 49 50
2406,19/06/1999,10 14 26 35 36 49
2407,12/06/1999,04 27 40 43 46 54
2408,05/06/1999,07 41 46 51 55 58
2409,29/05/1999,01 13 21 37 51 52
2410,22/05/1999,02 09 31 35 45 50
2411,15/05/1999,01 11 28 33 38 48
2412,08/05/1999,12 13 22 57 59 60
2413,01/05/1999,10 19 23 35 39 56
2414,24/04/1999,04 10 14 19 28 44
2415,17/04/1999,08 27 36 41 53 56
2416,10/04/1999,21 23 33 38 48 51
2417,03/04/1999,06 25 30 37 39 41
2418,27/03/1999,02 13 42 52 54 58
2419,20/03/1999,09 11 16 35 50 58
2420,13/03/1999,04 14 17 43 51 58
2421,06/03/1999,04 13 17 21 41 44
2422,27/02/1999,17 23 42 49 52 55
2423,20/02/1999,12 30 32 35 43 44
2424,13/02/1999,08 10 24 33 45 48
2425,06/02/1999,02 30 31 42 45 47
2426,30/01/1999,05 12 15 29 51 58
2427,23/01/1999,03 16 20 43 52 56
2428,16/01/1999,12 44 50 52 54 55
2429,09/01/1999,07 11 20 28 45 48
2430,31/12/1998,32 35 41 55 58 59
2431,24/12/1998,06 16 23 24 28 38
2432,19/12/1998,25 32 34 42 51 60
2433,12/12/1998,15 16 31 41 43 51
2434,05/12/1998,08 32 36 44 45 55
2435,28/11/1998,06 18 20 40 50 53
2436,21/11/1998,08 15 19 20 54 59
2437,14/11/1998,10 13 22 41 42 58
2438,07/11/1998,07 31 41 44 46 55
2439,31/10/1998,03 13 26 27 41 42
2440,24/10/1998,05 14 27 37 40 41
2441,17/10/1998,15 16 19 22 26 49
2442,10/10/1998,01 17 25 38 45 59
2443,03/10/1998,21 22 35 40 53 59
2444,26/09/1998,04 25 32 36 52 60
2445,19/09/1998,05 06 19 34 39 57
2446,12/09/1998,07 09 35 41 44 50
2447,05/09/1998,04 09 17 27 30 44
2448,29/08/1998,13 29 38 42 49 53
2449,22/08/1998,01 09 10 32 46 54
2450,15/08/1998,03 09 18 21 23 43
2451,08/08/1998,21 29 50 51 54 59
2452,01/08/1998,06 10 11 28 32 40
2453,25/07/1998,25 41 47 53 56 59
2454,18/07/1998,05 15 34 41 52 57
2455,11/07/1998,13 14 16 26 32 42
2456,04/07/1998,11 17 20 39 43 53
2457,27/06/1998,02 29 41 44 53 55
2458,20/06/1998,03 16 27 40 45 46
2459,13/06/1998,01 21 36 38 47 50
2460,06/06/1998,09 22 25 37 56 57
2461,30/05/1998,20 25 27 33 42 53
2462,23/05/1998,05 13 32 36 42 51
2463,16/05/1998,04 06 14 20 24 38
2464,09/05/1998,06 12 18 37 47 54
2465,02/05/1998,07 26 28 34 54 55
2466,25/04/1998,12 20 34 37 42 43
2467,18/04/1998,04 22 25 32 33 52
2468,11/04/1998,18 31 43 52 57 58
2469,04/04/1998,01 13 44 48 49 54
2470,29/03/1998,21 24 29 34 59 60
2471,22/03/1998,02 04 16 24 51 52
2472,15/03/1998,05 16 24 35 38 39
2473,08/03/1998,03 13 31 43 46 49
2474,01/03/1998,01 04 13 21 38 52
2475,22/02/1998,01 07 09 49 54 57
2476,15/02/1998,19 20 37 42 44 56
2477,08/02/1998,01 18 29 31 37 39
2478,01/02/1998,14 29 30 46 48 51
2479,25/01/1998,11 24 30 33 46 60
2480,18/01/1998,13 14 31 33 35 43
2481,11/01/1998,05 11 14 35 53 56
2482,04/01/1998,04 07 26 40 42 58
2483,28/12/1997,06 40 45 46 50 60
2484,21/12/1997,08 18 28 51 52 55
2485,14/12/1997,02 22 28 31 36 53
2486,07/12/1997,01 03 05 23 24 51
2487,30/11/1997,02 04 10 35 39 60
2488,23/11/1997,09 21 26 40 52 54
2489,16/11/1997,13 34 42 44 55 59
2490,09/11/1997,04 18 29 37 43 45
2491,02/11/1997,04 05 11 28 32 40
2492,26/10/1997,06 21 22 34 36 54
2493,19/10/1997,06 15 30 37 45 47
2494,12/10/1997,04 06 10 25 34 40
2495,05/10/1997,04 15 16 24 42 57
2496,28/09/1997,15 18 29 36 51 53
2497,21/09/1997,10 23 41 47 54 60
2498,14/09/1997,23 28 37 40 48 51
2499,07/09/1997,02 13 17 25 31 43
2500,31/08/1997,12 22 25 31 32 46
2501,24/08/1997,21 29 40 49 54 57
2502,17/08/1997,08 17 18 23 33 53
2503,10/08/1997,21 24 35 36 37 49
2504,03/08/1997,02 24 34 37 38 50
2505,27/07/1997,25 26 28 45 51 57
2506,20/07/1997,01 19 34 43 44 48
2507,13/07/1997,16 27 33 43 45 53
2508,06/07/1997,17 23 27 40 43 58
2509,29/06/1997,25 34 45 53 56 58
2510,22/06/1997,01 03 12 13 53 59
2511,15/06/1997,12 14 17 27 47 52
2512,08/06/1997,12 13 15 26 33 48
2513,01/06/1997,01 05 20 25 32 34
2514,25/05/1997,08 12 23 50 54 60
2515,18/05/1997,09 25 26 40 41 49
2516,11/05/1997,06 08 13 24 31 52
2517,04/05/1997,08 18 29 42 44 59
2518,27/04/1997,03 14 15 20 21 38
2519,20/04/1997,02 08 13 28 34 54
2520,13/04/1997,12 27 30 37 44 49
2521,06/04/1997,07 16 17 27 34 59
2522,30/03/1997,02 07 20 35 51 59
2523,23/03/1997,02 14 23 29 38 52
2524,16/03/1997,05 09 18 21 36 56
2525,09/03/1997,03 13 16 38 42 46
2526,02/03/1997,15 30 38 46 58 59
2527,23/02/1997,17 23 24 25 42 47
2528,16/02/1997,06 16 21 44 57 58
2529,09/02/1997,07 13 33 35 43 55
2530,02/02/1997,02 05 28 34 47 50
2531,26/01/1997,03 17 25 35 48 56
2532,19/01/1997,01 23 24 32 46 60
2533,12/01/1997,07 30 37 44 53 55
2534,05/01/1997,14 18 29 38 44 47
2535,29/12/1996,02 06 17 25 26 58
2536,22/12/1996,07 11 19 24 33 36
2537,15/12/1996,12 26 35 38 39 47
2538,08/12/1996,03 05 08 12 46 47
2539,01/12/1996,12 16 37 45 52 56
2540,24/11/1996,10 42 43 45 54 55
2541,17/11/1996,06 07 22 38 52 60
2542,10/11/1996,03 13 17 25 29 51
2543,03/11/1996,04 16 21 23 54 57
2544,27/10/1996,13 15 17 40 53 57
2545,20/10/1996,05 17 33 39 42 49
2546,13/10/1996,05 14 33 36 43 44
2547,06/10/1996,17 19 28 45 48 56
2548,29/09/1996,07 14 15 29 38 50
2549,22/09/1996,03 08 14 43 56 58
2550,15/09/1996,03 06 22 24 54 60
2551,08/09/1996,13 17 20 33 44 51
2552,01/09/1996,10 22 50 53 57 58
2553,25/08/1996,24 43 50 54 55 56
2554,19/08/1996,01 08 14 28 33 43
2555,12/08/1996,17 37 39 51 52 59
2556,05/08/1996,01 09 31 38 46 56
2557,29/07/1996,06 33 36 46 49 53
2558,22/07/1996,11 25 28 30 33 51
2559,15/07/1996,05 10 12 24 25 60
2560,08/07/1996,23 27 36 37 42 56
2561,01/07/1996,06 10 13 19 20 51
2562,24/06/1996,20 32 34 49 58 60
2563,17/06/1996,12 33 35 51 52 60
2564,10/06/1996,02 16 23 27 47 53
2565,03/06/1996,18 32 47 50 54 56
2566,27/05/1996,04 16 19 20 27 43
2567,20/05/1996,15 25 37 38 58 59
2568,13/05/1996,04 18 21 25 38 57
2569,06/05/1996,08 43 54 55 56 60
2570,29/04/1996,04 17 37 38 47 53
2571,22/04/1996,03 05 20 21 38 56
2572,15/04/1996,07 13 19 22 40 47
2573,08/04/1996,01 02 06 16 19 46
2574,01/04/1996,01 05 06 27 42 59
2575,25/03/1996,10 11 29 30 36 47
2576,18/03/1996,09 37 39 41 43 49
2577,11/03/1996,04 05 30 33 41 52
